,NB Score,SGD Score,Tree Score,,NB Average Score,SGD Average Score,Tree Average Score
0,0.333333333,0.444444444,0.333333333,,0.388235294,0.525383987,0.382818627
1,0.444444444,0.5,0.333333333,,,,
2,0.555555556,0.555555556,0.555555556,,,,
3,0.333333333,0.388888889,0.277777778,,,,
4,0.222222222,0.333333333,0.166666667,,,,
5,0.277777778,0.5,0.222222222,,,,
6,0.444444444,0.555555556,0.5,,,,
7,0.388888889,0.333333333,0.277777778,,,,
8,0.277777778,0.388888889,0.277777778,,,,
9,0.555555556,0.611111111,0.555555556,,,,
10,0.166666667,0.277777778,0.222222222,,,,
11,0.222222222,0.388888889,0.277777778,,,,
12,0.333333333,0.333333333,0.277777778,,,,
13,0.388888889,0.555555556,0.388888889,,,,
14,0.166666667,0.5,0.222222222,,,,
15,0.388888889,0.5,0.388888889,,,,
16,0.277777778,0.388888889,0.222222222,,,,
17,0.333333333,0.555555556,0.222222222,,,,
18,0.555555556,0.555555556,0.5,,,,
19,0.444444444,0.444444444,0.444444444,,,,
20,0.333333333,0.5,0.388888889,,,,
21,0.222222222,0.5,0.333333333,,,,
22,0.555555556,0.555555556,0.5,,,,
23,0.388888889,0.444444444,0.388888889,,,,
24,0.388888889,0.888888889,0.5,,,,
25,0.222222222,0.222222222,0.222222222,,,,
26,0.277777778,0.611111111,0.333333333,,,,
27,0.388888889,0.5,0.388888889,,,,
28,0.222222222,0.277777778,0.166666667,,,,
29,0.222222222,0.333333333,0.166666667,,,,
30,0.444444444,0.444444444,0.444444444,,,,
31,0.277777778,0.555555556,0.388888889,,,,
32,0.444444444,0.5,0.444444444,,,,
33,0.555555556,0.555555556,0.444444444,,,,
34,0.222222222,0.388888889,0.222222222,,,,
35,0.444444444,0.555555556,0.388888889,,,,
36,0.388888889,0.555555556,0.333333333,,,,
37,0.5,0.611111111,0.388888889,,,,
38,0.222222222,0.333333333,0.222222222,,,,
39,0.5,0.666666667,0.555555556,,,,
40,0.444444444,0.555555556,0.388888889,,,,
41,0.555555556,0.611111111,0.555555556,,,,
42,0.611111111,0.611111111,0.555555556,,,,
43,0.333333333,0.5,0.333333333,,,,
44,0.222222222,0.444444444,0.222222222,,,,
45,0.277777778,0.5,0.444444444,,,,
46,0.777777778,0.611111111,0.5,,,,
47,0.555555556,0.722222222,0.611111111,,,,
48,0.388888889,0.388888889,0.388888889,,,,
49,0.444444444,0.5,0.5,,,,
50,0.5,0.666666667,0.666666667,,,,
51,0.166666667,0.5,0.333333333,,,,
52,0.555555556,0.611111111,0.555555556,,,,
53,0.277777778,0.555555556,0.5,,,,
54,0.388888889,0.611111111,0.388888889,,,,
55,0.444444444,0.388888889,0.388888889,,,,
56,0.333333333,0.333333333,0.277777778,,,,
57,0.5,0.666666667,0.5,,,,
58,0.277777778,0.444444444,0.333333333,,,,
59,0.222222222,0.444444444,0.166666667,,,,
60,0.444444444,0.666666667,0.444444444,,,,
61,0.388888889,0.444444444,0.277777778,,,,
62,0.333333333,0.333333333,0.277777778,,,,
63,0.555555556,0.722222222,0.555555556,,,,
64,0.388888889,0.388888889,0.388888889,,,,
65,0.222222222,0.444444444,0.222222222,,,,
66,0.333333333,0.555555556,0.388888889,,,,
67,0.333333333,0.444444444,0.333333333,,,,
68,0.388888889,0.5,0.388888889,,,,
69,0.333333333,0.611111111,0.444444444,,,,
70,0.277777778,0.666666667,0.333333333,,,,
71,0.388888889,0.666666667,0.5,,,,
72,0.166666667,0.444444444,0.166666667,,,,
73,0.5,0.555555556,0.444444444,,,,
74,0.388888889,0.444444444,0.444444444,,,,
75,0.166666667,0.333333333,0.222222222,,,,
76,0.555555556,0.611111111,0.5,,,,
77,0.333333333,0.388888889,0.333333333,,,,
78,0.277777778,0.555555556,0.277777778,,,,
79,0.611111111,0.555555556,0.555555556,,,,
80,0.388888889,0.444444444,0.277777778,,,,
81,0.277777778,0.555555556,0.277777778,,,,
82,0.388888889,0.5,0.388888889,,,,
83,0.388888889,0.555555556,0.388888889,,,,
84,0.5,0.555555556,0.388888889,,,,
85,0.611111111,0.722222222,0.555555556,,,,
86,0.333333333,0.611111111,0.388888889,,,,
87,0.444444444,0.611111111,0.5,,,,
88,0.277777778,0.444444444,0.277777778,,,,
89,0.333333333,0.444444444,0.277777778,,,,
90,0.5,0.555555556,0.333333333,,,,
91,0.388888889,0.5,0.388888889,,,,
92,0.388888889,0.555555556,0.388888889,,,,
93,0.5,0.777777778,0.611111111,,,,
94,0.388888889,0.777777778,0.5,,,,
95,0.277777778,0.333333333,0.333333333,,,,
96,0.222222222,0.5,0.166666667,,,,
97,0.5,0.666666667,0.611111111,,,,
98,0.277777778,0.5,0.333333333,,,,
99,0.222222222,0.277777778,0.277777778,,,,
100,0.444444444,0.444444444,0.444444444,,,,
101,0.444444444,0.388888889,0.333333333,,,,
102,0.222222222,0.555555556,0.222222222,,,,
103,0.222222222,0.444444444,0.277777778,,,,
104,0.333333333,0.666666667,0.222222222,,,,
105,0.333333333,0.555555556,0.388888889,,,,
106,0.277777778,0.555555556,0.333333333,,,,
107,0.5,0.5,0.388888889,,,,
108,0.222222222,0.5,0.277777778,,,,
109,0.444444444,0.5,0.333333333,,,,
110,0.5,0.555555556,0.5,,,,
111,0.444444444,0.555555556,0.444444444,,,,
112,0.388888889,0.5,0.444444444,,,,
113,0.333333333,0.333333333,0.333333333,,,,
114,0.444444444,0.611111111,0.444444444,,,,
115,0.388888889,0.555555556,0.333333333,,,,
116,0.277777778,0.5,0.333333333,,,,
117,0.388888889,0.5,0.388888889,,,,
118,0.277777778,0.555555556,0.277777778,,,,
119,0.444444444,0.611111111,0.444444444,,,,
120,0.444444444,0.555555556,0.444444444,,,,
121,0.277777778,0.388888889,0.222222222,,,,
122,0.277777778,0.444444444,0.333333333,,,,
123,0.444444444,0.555555556,0.388888889,,,,
124,0.277777778,0.5,0.388888889,,,,
125,0.277777778,0.444444444,0.333333333,,,,
126,0.222222222,0.388888889,0.277777778,,,,
127,0.222222222,0.444444444,0.333333333,,,,
128,0.555555556,0.722222222,0.555555556,,,,
129,0.277777778,0.5,0.333333333,,,,
130,0.444444444,0.388888889,0.388888889,,,,
131,0.444444444,0.444444444,0.333333333,,,,
132,0.333333333,0.388888889,0.333333333,,,,
133,0.222222222,0.388888889,0.277777778,,,,
134,0.388888889,0.444444444,0.333333333,,,,
135,0.666666667,0.722222222,0.555555556,,,,
136,0.5,0.555555556,0.5,,,,
137,0.388888889,0.555555556,0.444444444,,,,
138,0.555555556,0.611111111,0.388888889,,,,
139,0.277777778,0.277777778,0.333333333,,,,
140,0.388888889,0.444444444,0.388888889,,,,
141,0.277777778,0.333333333,0.222222222,,,,
142,0.277777778,0.388888889,0.333333333,,,,
143,0.277777778,0.333333333,0.222222222,,,,
144,0.444444444,0.611111111,0.5,,,,
145,0.222222222,0.555555556,0.222222222,,,,
146,0.388888889,0.5,0.333333333,,,,
147,0.388888889,0.444444444,0.388888889,,,,
148,0.333333333,0.444444444,0.277777778,,,,
149,0.5,0.611111111,0.5,,,,
150,0.166666667,0.388888889,0.222222222,,,,
151,0.5,0.722222222,0.555555556,,,,
152,0.333333333,0.555555556,0.333333333,,,,
153,0.277777778,0.5,0.333333333,,,,
154,0.333333333,0.388888889,0.222222222,,,,
155,0.277777778,0.444444444,0.277777778,,,,
156,0.722222222,0.833333333,0.722222222,,,,
157,0.444444444,0.5,0.444444444,,,,
158,0.5,0.611111111,0.388888889,,,,
159,0.333333333,0.5,0.388888889,,,,
160,0.444444444,0.5,0.444444444,,,,
161,0.444444444,0.555555556,0.388888889,,,,
162,0.388888889,0.444444444,0.388888889,,,,
163,0.222222222,0.166666667,0.222222222,,,,
164,0.5,0.611111111,0.388888889,,,,
165,0.444444444,0.611111111,0.444444444,,,,
166,0.444444444,0.666666667,0.5,,,,
167,0.444444444,0.5,0.444444444,,,,
168,0.444444444,0.555555556,0.5,,,,
169,0.444444444,0.611111111,0.5,,,,
170,0.388888889,0.555555556,0.333333333,,,,
171,0.333333333,0.444444444,0.277777778,,,,
172,0.666666667,0.611111111,0.5,,,,
173,0.333333333,0.555555556,0.333333333,,,,
174,0.388888889,0.666666667,0.5,,,,
175,0.388888889,0.555555556,0.333333333,,,,
176,0.5,0.722222222,0.611111111,,,,
177,0.444444444,0.444444444,0.388888889,,,,
178,0.388888889,0.444444444,0.333333333,,,,
179,0.166666667,0.277777778,0.111111111,,,,
180,0.444444444,0.5,0.277777778,,,,
181,0.444444444,0.5,0.5,,,,
182,0.388888889,0.5,0.277777778,,,,
183,0.333333333,0.555555556,0.388888889,,,,
184,0.277777778,0.333333333,0.277777778,,,,
185,0.444444444,0.388888889,0.388888889,,,,
186,0.5,0.5,0.333333333,,,,
187,0.611111111,0.777777778,0.666666667,,,,
188,0.444444444,0.5,0.388888889,,,,
189,0.444444444,0.5,0.388888889,,,,
190,0.388888889,0.555555556,0.388888889,,,,
191,0.444444444,0.555555556,0.388888889,,,,
192,0.555555556,0.5,0.444444444,,,,
193,0.277777778,0.444444444,0.388888889,,,,
194,0.333333333,0.388888889,0.222222222,,,,
195,0.333333333,0.388888889,0.333333333,,,,
196,0.388888889,0.388888889,0.277777778,,,,
197,0.444444444,0.611111111,0.333333333,,,,
198,0.277777778,0.555555556,0.222222222,,,,
199,0.333333333,0.722222222,0.333333333,,,,
200,0.222222222,0.5,0.111111111,,,,
201,0.555555556,0.666666667,0.555555556,,,,
202,0.5,0.611111111,0.333333333,,,,
203,0.444444444,0.5,0.388888889,,,,
204,0.277777778,0.388888889,0.222222222,,,,
205,0.444444444,0.5,0.5,,,,
206,0.388888889,0.722222222,0.444444444,,,,
207,0.333333333,0.444444444,0.388888889,,,,
208,0.333333333,0.5,0.333333333,,,,
209,0.222222222,0.444444444,0.277777778,,,,
210,0.222222222,0.666666667,0.444444444,,,,
211,0.333333333,0.555555556,0.277777778,,,,
212,0.5,0.611111111,0.5,,,,
213,0.555555556,0.611111111,0.444444444,,,,
214,0.388888889,0.555555556,0.444444444,,,,
215,0.222222222,0.333333333,0.222222222,,,,
216,0.388888889,0.555555556,0.444444444,,,,
217,0.555555556,0.611111111,0.444444444,,,,
218,0.444444444,0.5,0.444444444,,,,
219,0.5,0.611111111,0.555555556,,,,
220,0.5,0.5,0.444444444,,,,
221,0.444444444,0.722222222,0.5,,,,
222,0.277777778,0.444444444,0.333333333,,,,
223,0.277777778,0.388888889,0.277777778,,,,
224,0.5,0.611111111,0.388888889,,,,
225,0.166666667,0.166666667,0.111111111,,,,
226,0.555555556,0.611111111,0.555555556,,,,
227,0.5,0.777777778,0.5,,,,
228,0.666666667,0.666666667,0.555555556,,,,
229,0.222222222,0.5,0.333333333,,,,
230,0.5,0.555555556,0.444444444,,,,
231,0.222222222,0.444444444,0.277777778,,,,
232,0.222222222,0.5,0.277777778,,,,
233,0.555555556,0.555555556,0.5,,,,
234,0.5,0.611111111,0.555555556,,,,
235,0.666666667,0.944444444,0.666666667,,,,
236,0.5,0.611111111,0.388888889,,,,
237,0.5,0.555555556,0.444444444,,,,
238,0.444444444,0.388888889,0.333333333,,,,
239,0.611111111,0.666666667,0.611111111,,,,
240,0.388888889,0.611111111,0.444444444,,,,
241,0.277777778,0.388888889,0.333333333,,,,
242,0.555555556,0.444444444,0.444444444,,,,
243,0.388888889,0.777777778,0.5,,,,
244,0.5,0.555555556,0.5,,,,
245,0.444444444,0.611111111,0.388888889,,,,
246,0.666666667,0.722222222,0.555555556,,,,
247,0.388888889,0.611111111,0.444444444,,,,
248,0.444444444,0.444444444,0.333333333,,,,
249,0.222222222,0.222222222,0.277777778,,,,
250,0.277777778,0.388888889,0.277777778,,,,
251,0.111111111,0.333333333,0.111111111,,,,
252,0.388888889,0.666666667,0.277777778,,,,
253,0.333333333,0.444444444,0.333333333,,,,
254,0.333333333,0.388888889,0.333333333,,,,
255,0.611111111,0.666666667,0.444444444,,,,
256,0.5,0.611111111,0.444444444,,,,
257,0.5,0.555555556,0.444444444,,,,
258,0.388888889,0.444444444,0.333333333,,,,
259,0.277777778,0.555555556,0.277777778,,,,
260,0.444444444,0.444444444,0.333333333,,,,
261,0.333333333,0.611111111,0.333333333,,,,
262,0.388888889,0.611111111,0.5,,,,
263,0.333333333,0.555555556,0.388888889,,,,
264,0.277777778,0.388888889,0.333333333,,,,
265,0.333333333,0.666666667,0.5,,,,
266,0.222222222,0.388888889,0.222222222,,,,
267,0.333333333,0.555555556,0.333333333,,,,
268,0.222222222,0.444444444,0.333333333,,,,
269,0.444444444,0.5,0.5,,,,
270,0.444444444,0.611111111,0.555555556,,,,
271,0.222222222,0.444444444,0.277777778,,,,
272,0.388888889,0.388888889,0.444444444,,,,
273,0.277777778,0.555555556,0.222222222,,,,
274,0.611111111,0.722222222,0.5,,,,
275,0.277777778,0.444444444,0.333333333,,,,
276,0.444444444,0.444444444,0.388888889,,,,
277,0.5,0.444444444,0.5,,,,
278,0.555555556,0.611111111,0.5,,,,
279,0.555555556,0.611111111,0.5,,,,
280,0.444444444,0.444444444,0.444444444,,,,
281,0.388888889,0.388888889,0.333333333,,,,
282,0.333333333,0.555555556,0.5,,,,
283,0.5,0.611111111,0.5,,,,
284,0.444444444,0.5,0.333333333,,,,
285,0.5,0.666666667,0.555555556,,,,
286,0.388888889,0.611111111,0.333333333,,,,
287,0.333333333,0.5,0.333333333,,,,
288,0.277777778,0.277777778,0.222222222,,,,
289,0.333333333,0.388888889,0.222222222,,,,
290,0.5,0.611111111,0.611111111,,,,
291,0.444444444,0.611111111,0.555555556,,,,
292,0.388888889,0.666666667,0.555555556,,,,
293,0.722222222,0.611111111,0.611111111,,,,
294,0.5,0.722222222,0.555555556,,,,
295,0.444444444,0.611111111,0.388888889,,,,
296,0.333333333,0.444444444,0.277777778,,,,
297,0.277777778,0.555555556,0.166666667,,,,
298,0.444444444,0.555555556,0.444444444,,,,
299,0.388888889,0.5,0.444444444,,,,
300,0.388888889,0.555555556,0.5,,,,
301,0.333333333,0.444444444,0.277777778,,,,
302,0.444444444,0.5,0.444444444,,,,
303,0.277777778,0.444444444,0.333333333,,,,
304,0.388888889,0.555555556,0.333333333,,,,
305,0.333333333,0.388888889,0.388888889,,,,
306,0.222222222,0.5,0.222222222,,,,
307,0.333333333,0.555555556,0.444444444,,,,
308,0.277777778,0.388888889,0.222222222,,,,
309,0.333333333,0.555555556,0.333333333,,,,
310,0.222222222,0.333333333,0.277777778,,,,
311,0.333333333,0.555555556,0.277777778,,,,
312,0.277777778,0.5,0.277777778,,,,
313,0.333333333,0.388888889,0.333333333,,,,
314,0.444444444,0.555555556,0.277777778,,,,
315,0.388888889,0.555555556,0.333333333,,,,
316,0.555555556,0.722222222,0.555555556,,,,
317,0.444444444,0.555555556,0.5,,,,
318,0.5,0.611111111,0.611111111,,,,
319,0.222222222,0.388888889,0.222222222,,,,
320,0.333333333,0.555555556,0.333333333,,,,
321,0.222222222,0.5,0.222222222,,,,
322,0.388888889,0.555555556,0.388888889,,,,
323,0.277777778,0.5,0.333333333,,,,
324,0.444444444,0.777777778,0.388888889,,,,
325,0.611111111,0.777777778,0.555555556,,,,
326,0,0.555555556,0.277777778,,,,
327,0.555555556,0.666666667,0.444444444,,,,
328,0.333333333,0.666666667,0.444444444,,,,
329,0.444444444,0.611111111,0.444444444,,,,
330,0.388888889,0.5,0.277777778,,,,
331,0.555555556,0.666666667,0.5,,,,
332,0.444444444,0.555555556,0.444444444,,,,
333,0.277777778,0.444444444,0.333333333,,,,
334,0.333333333,0.555555556,0.444444444,,,,
335,0.333333333,0.611111111,0.5,,,,
336,0.166666667,0.388888889,0.166666667,,,,
337,0.222222222,0.388888889,0.166666667,,,,
338,0.388888889,0.444444444,0.333333333,,,,
339,0.5,0.611111111,0.5,,,,
340,0.555555556,0.722222222,0.555555556,,,,
341,0.333333333,0.444444444,0.333333333,,,,
342,0.444444444,0.611111111,0.444444444,,,,
343,0.333333333,0.555555556,0.388888889,,,,
344,0.444444444,0.555555556,0.444444444,,,,
345,0.555555556,0.722222222,0.444444444,,,,
346,0.5,0.555555556,0.444444444,,,,
347,0.5,0.333333333,0.388888889,,,,
348,0.333333333,0.388888889,0.388888889,,,,
349,0.611111111,0.666666667,0.611111111,,,,
350,0.388888889,0.611111111,0.388888889,,,,
351,0.277777778,0.444444444,0.277777778,,,,
352,0.5,0.444444444,0.388888889,,,,
353,0.388888889,0.611111111,0.388888889,,,,
354,0.5,0.666666667,0.555555556,,,,
355,0.555555556,0.5,0.5,,,,
356,0.388888889,0.777777778,0.5,,,,
357,0.555555556,0.777777778,0.611111111,,,,
358,0.333333333,0.388888889,0.277777778,,,,
359,0.333333333,0.5,0.444444444,,,,
360,0.388888889,0.555555556,0.388888889,,,,
361,0.5,0.722222222,0.555555556,,,,
362,0.444444444,0.5,0.388888889,,,,
363,0.277777778,0.388888889,0.222222222,,,,
364,0.388888889,0.388888889,0.388888889,,,,
365,0.277777778,0.444444444,0.388888889,,,,
366,0.611111111,0.611111111,0.444444444,,,,
367,0.5,0.666666667,0.444444444,,,,
368,0.444444444,0.666666667,0.444444444,,,,
369,0.277777778,0.5,0.333333333,,,,
370,0.222222222,0.444444444,0.222222222,,,,
371,0.388888889,0.666666667,0.388888889,,,,
372,0.277777778,0.333333333,0.277777778,,,,
373,0.5,0.722222222,0.444444444,,,,
374,0.333333333,0.5,0.388888889,,,,
375,0.388888889,0.5,0.444444444,,,,
376,0.388888889,0.444444444,0.333333333,,,,
377,0.444444444,0.555555556,0.5,,,,
378,0.333333333,0.444444444,0.333333333,,,,
379,0.611111111,0.555555556,0.611111111,,,,
380,0.555555556,0.611111111,0.5,,,,
381,0.277777778,0.388888889,0.222222222,,,,
382,0.388888889,0.555555556,0.333333333,,,,
383,0.388888889,0.611111111,0.444444444,,,,
384,0.722222222,0.777777778,0.722222222,,,,
385,0.444444444,0.555555556,0.388888889,,,,
386,0.444444444,0.611111111,0.444444444,,,,
387,0.388888889,0.611111111,0.388888889,,,,
388,0.5,0.444444444,0.333333333,,,,
389,0.5,0.5,0.277777778,,,,
390,0.333333333,0.444444444,0.388888889,,,,
391,0.333333333,0.444444444,0.222222222,,,,
392,0.333333333,0.5,0.333333333,,,,
393,0.388888889,0.555555556,0.444444444,,,,
394,0.166666667,0.444444444,0.222222222,,,,
395,0.388888889,0.388888889,0.388888889,,,,
396,0.388888889,0.5,0.5,,,,
397,0.555555556,0.611111111,0.388888889,,,,
398,0.333333333,0.555555556,0.277777778,,,,
399,0.444444444,0.666666667,0.555555556,,,,
400,0.5,0.611111111,0.555555556,,,,
401,0.222222222,0.388888889,0.277777778,,,,
402,0.277777778,0.444444444,0.444444444,,,,
403,0.5,0.611111111,0.444444444,,,,
404,0.111111111,0.277777778,0.111111111,,,,
405,0.611111111,0.777777778,0.611111111,,,,
406,0.277777778,0.555555556,0.333333333,,,,
407,0.277777778,0.277777778,0.222222222,,,,
408,0.333333333,0.611111111,0.388888889,,,,
409,0.444444444,0.666666667,0.388888889,,,,
410,0.388888889,0.666666667,0.444444444,,,,
411,0.333333333,0.555555556,0.277777778,,,,
412,0.333333333,0.5,0.277777778,,,,
413,0.5,0.5,0.444444444,,,,
414,0.388888889,0.611111111,0.444444444,,,,
415,0.333333333,0.444444444,0.277777778,,,,
416,0.555555556,0.777777778,0.611111111,,,,
417,0.277777778,0.555555556,0.333333333,,,,
418,0.222222222,0.333333333,0.222222222,,,,
419,0.333333333,0.666666667,0.388888889,,,,
420,0.666666667,0.611111111,0.555555556,,,,
421,0.444444444,0.555555556,0.388888889,,,,
422,0.444444444,0.444444444,0.277777778,,,,
423,0.388888889,0.555555556,0.444444444,,,,
424,0.5,0.666666667,0.555555556,,,,
425,0.277777778,0.388888889,0.277777778,,,,
426,0.333333333,0.555555556,0.388888889,,,,
427,0.5,0.5,0.444444444,,,,
428,0.444444444,0.555555556,0.444444444,,,,
429,0.444444444,0.555555556,0.555555556,,,,
430,0.5,0.555555556,0.444444444,,,,
431,0.444444444,0.555555556,0.388888889,,,,
432,0.277777778,0.5,0.333333333,,,,
433,0.444444444,0.555555556,0.444444444,,,,
434,0.555555556,0.555555556,0.444444444,,,,
435,0.388888889,0.5,0.277777778,,,,
436,0.277777778,0.555555556,0.333333333,,,,
437,0.333333333,0.444444444,0.333333333,,,,
438,0.277777778,0.444444444,0.277777778,,,,
439,0.166666667,0.222222222,0.166666667,,,,
440,0.333333333,0.555555556,0.388888889,,,,
441,0.388888889,0.333333333,0.277777778,,,,
442,0.222222222,0.666666667,0.333333333,,,,
443,0.388888889,0.611111111,0.388888889,,,,
444,0.611111111,0.722222222,0.5,,,,
445,0.277777778,0.388888889,0.222222222,,,,
446,0.666666667,0.722222222,0.666666667,,,,
447,0.277777778,0.388888889,0.333333333,,,,
448,0.444444444,0.444444444,0.444444444,,,,
449,0.333333333,0.555555556,0.388888889,,,,
450,0.277777778,0.444444444,0.388888889,,,,
451,0.333333333,0.5,0.277777778,,,,
452,0.333333333,0.444444444,0.333333333,,,,
453,0.555555556,0.666666667,0.666666667,,,,
454,0.222222222,0.666666667,0.222222222,,,,
455,0.333333333,0.555555556,0.333333333,,,,
456,0.444444444,0.5,0.388888889,,,,
457,0.555555556,0.722222222,0.5,,,,
458,0.333333333,0.5,0.277777778,,,,
459,0.5,0.444444444,0.444444444,,,,
460,0.222222222,0.444444444,0.222222222,,,,
461,0.5,0.666666667,0.5,,,,
462,0.388888889,0.5,0.388888889,,,,
463,0.444444444,0.5,0.444444444,,,,
464,0.388888889,0.555555556,0.388888889,,,,
465,0.277777778,0.611111111,0.277777778,,,,
466,0.444444444,0.611111111,0.388888889,,,,
467,0.5,0.388888889,0.444444444,,,,
468,0.444444444,0.444444444,0.388888889,,,,
469,0.444444444,0.611111111,0.388888889,,,,
470,0.388888889,0.333333333,0.277777778,,,,
471,0.277777778,0.388888889,0.333333333,,,,
472,0.444444444,0.5,0.5,,,,
473,0.333333333,0.5,0.333333333,,,,
474,0.277777778,0.5,0.277777778,,,,
475,0.333333333,0.388888889,0.333333333,,,,
476,0.277777778,0.444444444,0.222222222,,,,
477,0.166666667,0.333333333,0.222222222,,,,
478,0.444444444,0.555555556,0.388888889,,,,
479,0.388888889,0.444444444,0.388888889,,,,
480,0.388888889,0.333333333,0.277777778,,,,
481,0.444444444,0.666666667,0.388888889,,,,
482,0.222222222,0.388888889,0.222222222,,,,
483,0.388888889,0.555555556,0.444444444,,,,
484,0.444444444,0.555555556,0.444444444,,,,
485,0.277777778,0.333333333,0.222222222,,,,
486,0.666666667,0.666666667,0.555555556,,,,
487,0.444444444,0.5,0.444444444,,,,
488,0.555555556,0.722222222,0.555555556,,,,
489,0.388888889,0.555555556,0.5,,,,
490,0.5,0.611111111,0.444444444,,,,
491,0.333333333,0.5,0.333333333,,,,
492,0.444444444,0.5,0.388888889,,,,
493,0.444444444,0.555555556,0.444444444,,,,
494,0.444444444,0.444444444,0.388888889,,,,
495,0.555555556,0.611111111,0.555555556,,,,
496,0.444444444,0.666666667,0.388888889,,,,
497,0.277777778,0.444444444,0.277777778,,,,
498,0.222222222,0.5,0.166666667,,,,
499,0.5,0.555555556,0.444444444,,,,
500,0.5,0.666666667,0.555555556,,,,
501,0.555555556,0.555555556,0.5,,,,
502,0.388888889,0.611111111,0.444444444,,,,
503,0.222222222,0.444444444,0.277777778,,,,
504,0.444444444,0.777777778,0.444444444,,,,
505,0.277777778,0.611111111,0.333333333,,,,
506,0.388888889,0.5,0.277777778,,,,
507,0.555555556,0.611111111,0.5,,,,
508,0.388888889,0.777777778,0.5,,,,
509,0.277777778,0.388888889,0.222222222,,,,
510,0.388888889,0.555555556,0.444444444,,,,
511,0.611111111,0.666666667,0.444444444,,,,
512,0.388888889,0.555555556,0.444444444,,,,
513,0.166666667,0.277777778,0.166666667,,,,
514,0.444444444,0.5,0.222222222,,,,
515,0.5,0.555555556,0.5,,,,
516,0.388888889,0.5,0.388888889,,,,
517,0.333333333,0.611111111,0.277777778,,,,
518,0.333333333,0.5,0.333333333,,,,
519,0.555555556,0.611111111,0.5,,,,
520,0.5,0.666666667,0.611111111,,,,
521,0.333333333,0.5,0.388888889,,,,
522,0.222222222,0.388888889,0.277777778,,,,
523,0.333333333,0.611111111,0.388888889,,,,
524,0.5,0.555555556,0.388888889,,,,
525,0.5,0.5,0.444444444,,,,
526,0.333333333,0.444444444,0.388888889,,,,
527,0.388888889,0.5,0.388888889,,,,
528,0.277777778,0.444444444,0.222222222,,,,
529,0.388888889,0.388888889,0.333333333,,,,
530,0.277777778,0.722222222,0.444444444,,,,
531,0.222222222,0.333333333,0.222222222,,,,
532,0.555555556,0.555555556,0.5,,,,
533,0.333333333,0.333333333,0.277777778,,,,
534,0.388888889,0.555555556,0.444444444,,,,
535,0.5,0.5,0.444444444,,,,
536,0.333333333,0.388888889,0.333333333,,,,
537,0.555555556,0.777777778,0.555555556,,,,
538,0.444444444,0.611111111,0.555555556,,,,
539,0.444444444,0.611111111,0.5,,,,
540,0.388888889,0.555555556,0.388888889,,,,
541,0.277777778,0.444444444,0.333333333,,,,
542,0.333333333,0.388888889,0.277777778,,,,
543,0.5,0.611111111,0.5,,,,
544,0.388888889,0.722222222,0.444444444,,,,
545,0.277777778,0.611111111,0.277777778,,,,
546,0.444444444,0.611111111,0.388888889,,,,
547,0.333333333,0.555555556,0.222222222,,,,
548,0.333333333,0.444444444,0.388888889,,,,
549,0.5,0.5,0.444444444,,,,
550,0.388888889,0.5,0.388888889,,,,
551,0.166666667,0.5,0.277777778,,,,
552,0.166666667,0.333333333,0.166666667,,,,
553,0.333333333,0.5,0.277777778,,,,
554,0.388888889,0.555555556,0.277777778,,,,
555,0.333333333,0.5,0.333333333,,,,
556,0.388888889,0.5,0.388888889,,,,
557,0.388888889,0.611111111,0.5,,,,
558,0.388888889,0.555555556,0.388888889,,,,
559,0.388888889,0.5,0.333333333,,,,
560,0.611111111,0.611111111,0.555555556,,,,
561,0.277777778,0.5,0.277777778,,,,
562,0.444444444,0.555555556,0.388888889,,,,
563,0.277777778,0.333333333,0.277777778,,,,
564,0.611111111,0.722222222,0.555555556,,,,
565,0.444444444,0.666666667,0.444444444,,,,
566,0.388888889,0.388888889,0.333333333,,,,
567,0.444444444,0.5,0.388888889,,,,
568,0.388888889,0.5,0.333333333,,,,
569,0.388888889,0.444444444,0.388888889,,,,
570,0.333333333,0.555555556,0.333333333,,,,
571,0.555555556,0.611111111,0.444444444,,,,
572,0.444444444,0.611111111,0.388888889,,,,
573,0.444444444,0.555555556,0.5,,,,
574,0.333333333,0.388888889,0.388888889,,,,
575,0.444444444,0.5,0.444444444,,,,
576,0.333333333,0.333333333,0.277777778,,,,
577,0.333333333,0.333333333,0.277777778,,,,
578,0.722222222,0.833333333,0.722222222,,,,
579,0.222222222,0.555555556,0.222222222,,,,
580,0.333333333,0.5,0.388888889,,,,
581,0.333333333,0.333333333,0.222222222,,,,
582,0.444444444,0.444444444,0.222222222,,,,
583,0.388888889,0.611111111,0.333333333,,,,
584,0.388888889,0.5,0.333333333,,,,
585,0.333333333,0.555555556,0.333333333,,,,
586,0.5,0.555555556,0.388888889,,,,
587,0.611111111,0.611111111,0.555555556,,,,
588,0.166666667,0.555555556,0.388888889,,,,
589,0.444444444,0.555555556,0.444444444,,,,
590,0.555555556,0.5,0.444444444,,,,
591,0.5,0.666666667,0.5,,,,
592,0.388888889,0.333333333,0.333333333,,,,
593,0.388888889,0.5,0.388888889,,,,
594,0.5,0.555555556,0.444444444,,,,
595,0.166666667,0.277777778,0.166666667,,,,
596,0.333333333,0.555555556,0.388888889,,,,
597,0.388888889,0.5,0.444444444,,,,
598,0.388888889,0.611111111,0.444444444,,,,
599,0.5,0.5,0.5,,,,
600,0.388888889,0.611111111,0.5,,,,
601,0.611111111,0.777777778,0.611111111,,,,
602,0.222222222,0.444444444,0.333333333,,,,
603,0.222222222,0.444444444,0.166666667,,,,
604,0.444444444,0.833333333,0.5,,,,
605,0.388888889,0.555555556,0.5,,,,
606,0.388888889,0.555555556,0.333333333,,,,
607,0.333333333,0.388888889,0.333333333,,,,
608,0.222222222,0.611111111,0.277777778,,,,
609,0.444444444,0.5,0.444444444,,,,
610,0.333333333,0.666666667,0.333333333,,,,
611,0.5,0.666666667,0.555555556,,,,
612,0.333333333,0.333333333,0.277777778,,,,
613,0.555555556,0.666666667,0.611111111,,,,
614,0.388888889,0.444444444,0.333333333,,,,
615,0.5,0.555555556,0.388888889,,,,
616,0.444444444,0.555555556,0.5,,,,
617,0.5,0.666666667,0.5,,,,
618,0.444444444,0.5,0.333333333,,,,
619,0.5,0.5,0.444444444,,,,
620,0.444444444,0.444444444,0.333333333,,,,
621,0.333333333,0.5,0.333333333,,,,
622,0.388888889,0.444444444,0.333333333,,,,
623,0.388888889,0.555555556,0.277777778,,,,
624,0.166666667,0.388888889,0.166666667,,,,
625,0.388888889,0.5,0.333333333,,,,
626,0.388888889,0.444444444,0.388888889,,,,
627,0.555555556,0.666666667,0.5,,,,
628,0.5,0.722222222,0.5,,,,
629,0.444444444,0.722222222,0.444444444,,,,
630,0.388888889,0.5,0.388888889,,,,
631,0.611111111,0.777777778,0.555555556,,,,
632,0.333333333,0.5,0.277777778,,,,
633,0.222222222,0.5,0.222222222,,,,
634,0.277777778,0.5,0.277777778,,,,
635,0.333333333,0.444444444,0.277777778,,,,
636,0.222222222,0.444444444,0.333333333,,,,
637,0.277777778,0.5,0.388888889,,,,
638,0.555555556,0.722222222,0.555555556,,,,
639,0.277777778,0.555555556,0.277777778,,,,
640,0.333333333,0.555555556,0.277777778,,,,
641,0.555555556,0.611111111,0.555555556,,,,
642,0.388888889,0.388888889,0.333333333,,,,
643,0.388888889,0.388888889,0.388888889,,,,
644,0.5,0.611111111,0.444444444,,,,
645,0.388888889,0.555555556,0.444444444,,,,
646,0.388888889,0.666666667,0.388888889,,,,
647,0.222222222,0.611111111,0.277777778,,,,
648,0.277777778,0.444444444,0.277777778,,,,
649,0.277777778,0.222222222,0.277777778,,,,
650,0.222222222,0.388888889,0.333333333,,,,
651,0.333333333,0.388888889,0.277777778,,,,
652,0.166666667,0.388888889,0.277777778,,,,
653,0.333333333,0.388888889,0.222222222,,,,
654,0.333333333,0.444444444,0.333333333,,,,
655,0.333333333,0.444444444,0.388888889,,,,
656,0.388888889,0.666666667,0.555555556,,,,
657,0.222222222,0.388888889,0.277777778,,,,
658,0.444444444,0.611111111,0.444444444,,,,
659,0.444444444,0.611111111,0.5,,,,
660,0.444444444,0.555555556,0.444444444,,,,
661,0.333333333,0.555555556,0.388888889,,,,
662,0.444444444,0.555555556,0.444444444,,,,
663,0.277777778,0.444444444,0.222222222,,,,
664,0.444444444,0.611111111,0.555555556,,,,
665,0.388888889,0.666666667,0.5,,,,
666,0.555555556,0.611111111,0.444444444,,,,
667,0.388888889,0.388888889,0.277777778,,,,
668,0.222222222,0.333333333,0.277777778,,,,
669,0.444444444,0.611111111,0.5,,,,
670,0.277777778,0.444444444,0.277777778,,,,
671,0.444444444,0.5,0.388888889,,,,
672,0.555555556,0.5,0.555555556,,,,
673,0.333333333,0.388888889,0.333333333,,,,
674,0.333333333,0.5,0.388888889,,,,
675,0.277777778,0.611111111,0.333333333,,,,
676,0.5,0.555555556,0.5,,,,
677,0.666666667,0.666666667,0.666666667,,,,
678,0.333333333,0.555555556,0.388888889,,,,
679,0.333333333,0.388888889,0.333333333,,,,
680,0.388888889,0.388888889,0.388888889,,,,
681,0.333333333,0.611111111,0.444444444,,,,
682,0.333333333,0.555555556,0.333333333,,,,
683,0.555555556,0.666666667,0.611111111,,,,
684,0.5,0.611111111,0.444444444,,,,
685,0.388888889,0.611111111,0.5,,,,
686,0.444444444,0.444444444,0.5,,,,
687,0.388888889,0.5,0.388888889,,,,
688,0.555555556,0.666666667,0.555555556,,,,
689,0.555555556,0.5,0.5,,,,
690,0.277777778,0.555555556,0.444444444,,,,
691,0.444444444,0.722222222,0.388888889,,,,
692,0.5,0.555555556,0.388888889,,,,
693,0.166666667,0.5,0.333333333,,,,
694,0.555555556,0.666666667,0.555555556,,,,
695,0.611111111,0.611111111,0.5,,,,
696,0.5,0.611111111,0.444444444,,,,
697,0.388888889,0.444444444,0.333333333,,,,
698,0.333333333,0.444444444,0.333333333,,,,
699,0.333333333,0.5,0.333333333,,,,
700,0.333333333,0.444444444,0.444444444,,,,
701,0.5,0.555555556,0.388888889,,,,
702,0.333333333,0.611111111,0.333333333,,,,
703,0.444444444,0.444444444,0.388888889,,,,
704,0.444444444,0.555555556,0.388888889,,,,
705,0.388888889,0.5,0.444444444,,,,
706,0.277777778,0.444444444,0.388888889,,,,
707,0.333333333,0.388888889,0.222222222,,,,
708,0.333333333,0.5,0.222222222,,,,
709,0.444444444,0.333333333,0.444444444,,,,
710,0.5,0.5,0.333333333,,,,
711,0.333333333,0.5,0.277777778,,,,
712,0.333333333,0.5,0.333333333,,,,
713,0.333333333,0.333333333,0.222222222,,,,
714,0.388888889,0.444444444,0.333333333,,,,
715,0.222222222,0.555555556,0.277777778,,,,
716,0.388888889,0.666666667,0.333333333,,,,
717,0.388888889,0.722222222,0.388888889,,,,
718,0.333333333,0.666666667,0.388888889,,,,
719,0.333333333,0.5,0.277777778,,,,
720,0.333333333,0.388888889,0.166666667,,,,
721,0.333333333,0.444444444,0.388888889,,,,
722,0.5,0.722222222,0.5,,,,
723,0.444444444,0.611111111,0.444444444,,,,
724,0.611111111,0.555555556,0.555555556,,,,
725,0.5,0.666666667,0.555555556,,,,
726,0.333333333,0.444444444,0.388888889,,,,
727,0.333333333,0.555555556,0.333333333,,,,
728,0.444444444,0.444444444,0.444444444,,,,
729,0.722222222,0.777777778,0.666666667,,,,
730,0.388888889,0.388888889,0.333333333,,,,
731,0.555555556,0.555555556,0.5,,,,
732,0.277777778,0.333333333,0.277777778,,,,
733,0.444444444,0.611111111,0.555555556,,,,
734,0.444444444,0.666666667,0.444444444,,,,
735,0.444444444,0.555555556,0.444444444,,,,
736,0.333333333,0.5,0.277777778,,,,
737,0.222222222,0.333333333,0.222222222,,,,
738,0.333333333,0.388888889,0.333333333,,,,
739,0.333333333,0.5,0.444444444,,,,
740,0.222222222,0.333333333,0.222222222,,,,
741,0.388888889,0.444444444,0.388888889,,,,
742,0.333333333,0.555555556,0.388888889,,,,
743,0.5,0.5,0.5,,,,
744,0.222222222,0.333333333,0.166666667,,,,
745,0.555555556,0.555555556,0.5,,,,
746,0.444444444,0.611111111,0.555555556,,,,
747,0.333333333,0.611111111,0.333333333,,,,
748,0.388888889,0.444444444,0.277777778,,,,
749,0.333333333,0.555555556,0.388888889,,,,
750,0.388888889,0.611111111,0.388888889,,,,
751,0.5,0.5,0.444444444,,,,
752,0.333333333,0.333333333,0.277777778,,,,
753,0.333333333,0.666666667,0.444444444,,,,
754,0.555555556,0.555555556,0.5,,,,
755,0.388888889,0.611111111,0.333333333,,,,
756,0.444444444,0.5,0.388888889,,,,
757,0.277777778,0.444444444,0.222222222,,,,
758,0.444444444,0.5,0.444444444,,,,
759,0.333333333,0.5,0.277777778,,,,
760,0.555555556,0.555555556,0.444444444,,,,
761,0.277777778,0.5,0.277777778,,,,
762,0.222222222,0.444444444,0.222222222,,,,
763,0.166666667,0.388888889,0.222222222,,,,
764,0.5,0.722222222,0.555555556,,,,
765,0.388888889,0.444444444,0.333333333,,,,
766,0.388888889,0.444444444,0.388888889,,,,
767,0.5,0.777777778,0.555555556,,,,
768,0.444444444,0.555555556,0.5,,,,
769,0.444444444,0.555555556,0.5,,,,
770,0.222222222,0.444444444,0.166666667,,,,
771,0.5,0.555555556,0.388888889,,,,
772,0.277777778,0.333333333,0.277777778,,,,
773,0.388888889,0.611111111,0.444444444,,,,
774,0.388888889,0.611111111,0.333333333,,,,
775,0.333333333,0.5,0.388888889,,,,
776,0.388888889,0.444444444,0.388888889,,,,
777,0.277777778,0.666666667,0.333333333,,,,
778,0.388888889,0.388888889,0.277777778,,,,
779,0.388888889,0.555555556,0.5,,,,
780,0.333333333,0.611111111,0.333333333,,,,
781,0.388888889,0.333333333,0.277777778,,,,
782,0.277777778,0.5,0.277777778,,,,
783,0.166666667,0.388888889,0.277777778,,,,
784,0.333333333,0.444444444,0.222222222,,,,
785,0.111111111,0.444444444,0.166666667,,,,
786,0.555555556,0.611111111,0.555555556,,,,
787,0.388888889,0.611111111,0.388888889,,,,
788,0.444444444,0.555555556,0.333333333,,,,
789,0.222222222,0.388888889,0.277777778,,,,
790,0.611111111,0.777777778,0.555555556,,,,
791,0.222222222,0.388888889,0.222222222,,,,
792,0.388888889,0.611111111,0.333333333,,,,
793,0.444444444,0.388888889,0.388888889,,,,
794,0.333333333,0.611111111,0.388888889,,,,
795,0.444444444,0.611111111,0.444444444,,,,
796,0.333333333,0.5,0.388888889,,,,
797,0.5,0.666666667,0.444444444,,,,
798,0.388888889,0.5,0.444444444,,,,
799,0.333333333,0.555555556,0.388888889,,,,
800,0.333333333,0.555555556,0.388888889,,,,
801,0.388888889,0.666666667,0.333333333,,,,
802,0.5,0.666666667,0.444444444,,,,
803,0.333333333,0.5,0.277777778,,,,
804,0.444444444,0.5,0.444444444,,,,
805,0.333333333,0.666666667,0.5,,,,
806,0.5,0.666666667,0.555555556,,,,
807,0.444444444,0.555555556,0.388888889,,,,
808,0.277777778,0.5,0.222222222,,,,
809,0.333333333,0.444444444,0.333333333,,,,
810,0.333333333,0.555555556,0.333333333,,,,
811,0.444444444,0.777777778,0.5,,,,
812,0.444444444,0.611111111,0.5,,,,
813,0.611111111,0.722222222,0.611111111,,,,
814,0.388888889,0.5,0.333333333,,,,
815,0.388888889,0.5,0.388888889,,,,
816,0.388888889,0.5,0.333333333,,,,
817,0.555555556,0.555555556,0.444444444,,,,
818,0.388888889,0.388888889,0.333333333,,,,
819,0.666666667,0.666666667,0.666666667,,,,
820,0.333333333,0.388888889,0.277777778,,,,
821,0.388888889,0.555555556,0.444444444,,,,
822,0.388888889,0.5,0.388888889,,,,
823,0.222222222,0.444444444,0.222222222,,,,
824,0.277777778,0.388888889,0.277777778,,,,
825,0.277777778,0.333333333,0.277777778,,,,
826,0.611111111,0.666666667,0.5,,,,
827,0.444444444,0.666666667,0.388888889,,,,
828,0.222222222,0.222222222,0.166666667,,,,
829,0.277777778,0.5,0.222222222,,,,
830,0.277777778,0.555555556,0.277777778,,,,
831,0.666666667,0.777777778,0.722222222,,,,
832,0.277777778,0.277777778,0.166666667,,,,
833,0.5,0.611111111,0.444444444,,,,
834,0.277777778,0.611111111,0.388888889,,,,
835,0.5,0.611111111,0.555555556,,,,
836,0.333333333,0.5,0.333333333,,,,
837,0.277777778,0.555555556,0.333333333,,,,
838,0.444444444,0.555555556,0.388888889,,,,
839,0.388888889,0.611111111,0.388888889,,,,
840,0.5,0.444444444,0.5,,,,
841,0.166666667,0.277777778,0.166666667,,,,
842,0.555555556,0.555555556,0.5,,,,
843,0.444444444,0.555555556,0.388888889,,,,
844,0.222222222,0.444444444,0.166666667,,,,
845,0.444444444,0.666666667,0.388888889,,,,
846,0.5,0.555555556,0.555555556,,,,
847,0.555555556,0.666666667,0.5,,,,
848,0.333333333,0.333333333,0.222222222,,,,
849,0.222222222,0.277777778,0.222222222,,,,
850,0.333333333,0.444444444,0.222222222,,,,
851,0.277777778,0.388888889,0.222222222,,,,
852,0.333333333,0.5,0.333333333,,,,
853,0.388888889,0.388888889,0.444444444,,,,
854,0.611111111,0.666666667,0.611111111,,,,
855,0.388888889,0.555555556,0.333333333,,,,
856,0.222222222,0.222222222,0.222222222,,,,
857,0.277777778,0.333333333,0.277777778,,,,
858,0.388888889,0.5,0.388888889,,,,
859,0.666666667,0.777777778,0.666666667,,,,
860,0.333333333,0.388888889,0.333333333,,,,
861,0.388888889,0.388888889,0.388888889,,,,
862,0.277777778,0.555555556,0.388888889,,,,
863,0.611111111,0.722222222,0.5,,,,
864,0.666666667,0.666666667,0.666666667,,,,
865,0.5,0.611111111,0.555555556,,,,
866,0.388888889,0.555555556,0.444444444,,,,
867,0.333333333,0.444444444,0.388888889,,,,
868,0.388888889,0.555555556,0.444444444,,,,
869,0.611111111,0.833333333,0.722222222,,,,
870,0.444444444,0.5,0.444444444,,,,
871,0.333333333,0.444444444,0.388888889,,,,
872,0.555555556,0.666666667,0.611111111,,,,
873,0.277777778,0.5,0.388888889,,,,
874,0.388888889,0.555555556,0.388888889,,,,
875,0.222222222,0.444444444,0.166666667,,,,
876,0.111111111,0.166666667,0.055555556,,,,
877,0.333333333,0.5,0.333333333,,,,
878,0.333333333,0.388888889,0.388888889,,,,
879,0.444444444,0.555555556,0.444444444,,,,
880,0.5,0.555555556,0.444444444,,,,
881,0.388888889,0.5,0.388888889,,,,
882,0.277777778,0.555555556,0.333333333,,,,
883,0.611111111,0.888888889,0.666666667,,,,
884,0.388888889,0.5,0.444444444,,,,
885,0.444444444,0.611111111,0.444444444,,,,
886,0.333333333,0.5,0.333333333,,,,
887,0.333333333,0.5,0.277777778,,,,
888,0.388888889,0.5,0.444444444,,,,
889,0.444444444,0.722222222,0.555555556,,,,
890,0.277777778,0.388888889,0.277777778,,,,
891,0.5,0.555555556,0.5,,,,
892,0.388888889,0.555555556,0.333333333,,,,
893,0.555555556,0.444444444,0.333333333,,,,
894,0.333333333,0.611111111,0.277777778,,,,
895,0.444444444,0.555555556,0.333333333,,,,
896,0.388888889,0.444444444,0.444444444,,,,
897,0.333333333,0.5,0.444444444,,,,
898,0.388888889,0.555555556,0.388888889,,,,
899,0.5,0.611111111,0.444444444,,,,
900,0.555555556,0.722222222,0.611111111,,,,
901,0.333333333,0.5,0.277777778,,,,
902,0.277777778,0.444444444,0.222222222,,,,
903,0.333333333,0.5,0.388888889,,,,
904,0.333333333,0.5,0.333333333,,,,
905,0.611111111,0.666666667,0.555555556,,,,
906,0.388888889,0.666666667,0.222222222,,,,
907,0.444444444,0.611111111,0.5,,,,
908,0.277777778,0.5,0.333333333,,,,
909,0.444444444,0.722222222,0.5,,,,
910,0.222222222,0.222222222,0.222222222,,,,
911,0.444444444,0.611111111,0.444444444,,,,
912,0.277777778,0.5,0.333333333,,,,
913,0.333333333,0.5,0.333333333,,,,
914,0.333333333,0.722222222,0.5,,,,
915,0.555555556,0.5,0.388888889,,,,
916,0.388888889,0.611111111,0.388888889,,,,
917,0.277777778,0.666666667,0.444444444,,,,
918,0.333333333,0.388888889,0.333333333,,,,
919,0.333333333,0.666666667,0.333333333,,,,
920,0.222222222,0.388888889,0.277777778,,,,
921,0.333333333,0.388888889,0.222222222,,,,
922,0.222222222,0.444444444,0.222222222,,,,
923,0.555555556,0.555555556,0.555555556,,,,
924,0.444444444,0.555555556,0.333333333,,,,
925,0.277777778,0.555555556,0.444444444,,,,
926,0.388888889,0.611111111,0.277777778,,,,
927,0.444444444,0.333333333,0.333333333,,,,
928,0.277777778,0.444444444,0.222222222,,,,
929,0.333333333,0.166666667,0.166666667,,,,
930,0.388888889,0.555555556,0.444444444,,,,
931,0.222222222,0.555555556,0.388888889,,,,
932,0.555555556,0.555555556,0.5,,,,
933,0.444444444,0.555555556,0.444444444,,,,
934,0.222222222,0.5,0.333333333,,,,
935,0.333333333,0.5,0.444444444,,,,
936,0.5,0.611111111,0.388888889,,,,
937,0.277777778,0.333333333,0.277777778,,,,
938,0.388888889,0.444444444,0.444444444,,,,
939,0.333333333,0.5,0.333333333,,,,
940,0.388888889,0.5,0.388888889,,,,
941,0.5,0.666666667,0.611111111,,,,
942,0.5,0.611111111,0.444444444,,,,
943,0.388888889,0.555555556,0.388888889,,,,
944,0.388888889,0.5,0.388888889,,,,
945,0.444444444,0.611111111,0.5,,,,
946,0.444444444,0.5,0.444444444,,,,
947,0.722222222,0.777777778,0.722222222,,,,
948,0.555555556,0.611111111,0.444444444,,,,
949,0.333333333,0.333333333,0.277777778,,,,
950,0.166666667,0.555555556,0.333333333,,,,
951,0.444444444,0.5,0.444444444,,,,
952,0.388888889,0.388888889,0.388888889,,,,
953,0.277777778,0.5,0.277777778,,,,
954,0.666666667,0.722222222,0.666666667,,,,
955,0.555555556,0.666666667,0.5,,,,
956,0.611111111,0.611111111,0.555555556,,,,
957,0.333333333,0.444444444,0.222222222,,,,
958,0.388888889,0.5,0.333333333,,,,
959,0.444444444,0.5,0.444444444,,,,
960,0.444444444,0.555555556,0.444444444,,,,
961,0.611111111,0.555555556,0.388888889,,,,
962,0.5,0.611111111,0.444444444,,,,
963,0.388888889,0.611111111,0.388888889,,,,
964,0.222222222,0.277777778,0.222222222,,,,
965,0.444444444,0.555555556,0.388888889,,,,
966,0.5,0.5,0.388888889,,,,
967,0.277777778,0.333333333,0.222222222,,,,
968,0.333333333,0.555555556,0.333333333,,,,
969,0.333333333,0.388888889,0.333333333,,,,
970,0.555555556,0.666666667,0.611111111,,,,
971,0.388888889,0.555555556,0.388888889,,,,
972,0.5,0.555555556,0.444444444,,,,
973,0.222222222,0.444444444,0.277777778,,,,
974,0.444444444,0.444444444,0.333333333,,,,
975,0.5,0.611111111,0.5,,,,
976,0.611111111,0.722222222,0.444444444,,,,
977,0.222222222,0.277777778,0.222222222,,,,
978,0.444444444,0.388888889,0.388888889,,,,
979,0.388888889,0.5,0.388888889,,,,
980,0.333333333,0.444444444,0.388888889,,,,
981,0.5,0.611111111,0.444444444,,,,
982,0.611111111,0.777777778,0.666666667,,,,
983,0.277777778,0.444444444,0.277777778,,,,
984,0.333333333,0.555555556,0.388888889,,,,
985,0.388888889,0.444444444,0.333333333,,,,
986,0.222222222,0.222222222,0.166666667,,,,
987,0.611111111,0.5,0.5,,,,
988,0.277777778,0.611111111,0.333333333,,,,
989,0.388888889,0.611111111,0.5,,,,
990,0.277777778,0.333333333,0.277777778,,,,
991,0.333333333,0.444444444,0.333333333,,,,
992,0.333333333,0.444444444,0.222222222,,,,
993,0.333333333,0.444444444,0.388888889,,,,
994,0.166666667,0.388888889,0.166666667,,,,
995,0.444444444,0.555555556,0.444444444,,,,
996,0.388888889,0.611111111,0.388888889,,,,
997,0.5,0.555555556,0.555555556,,,,
998,0.166666667,0.444444444,0.277777778,,,,
999,0.388888889,0.611111111,0.444444444,,,,
1000,0.611111111,0.666666667,0.611111111,,,,
1001,0.333333333,0.5,0.444444444,,,,
1002,0.388888889,0.5,0.444444444,,,,
1003,0.388888889,0.555555556,0.333333333,,,,
1004,0.222222222,0.5,0.277777778,,,,
1005,0.388888889,0.611111111,0.5,,,,
1006,0.388888889,0.444444444,0.388888889,,,,
1007,0.277777778,0.5,0.333333333,,,,
1008,0.388888889,0.555555556,0.333333333,,,,
1009,0.444444444,0.5,0.5,,,,
1010,0.166666667,0.444444444,0.166666667,,,,
1011,0.444444444,0.555555556,0.388888889,,,,
1012,0.277777778,0.333333333,0.277777778,,,,
1013,0.444444444,0.5,0.388888889,,,,
1014,0.444444444,0.666666667,0.555555556,,,,
1015,0.333333333,0.611111111,0.388888889,,,,
1016,0.444444444,0.555555556,0.333333333,,,,
1017,0.444444444,0.444444444,0.333333333,,,,
1018,0.277777778,0.333333333,0.333333333,,,,
1019,0.5,0.722222222,0.611111111,,,,
1020,0.444444444,0.555555556,0.388888889,,,,
1021,0.5,0.666666667,0.555555556,,,,
1022,0.222222222,0.277777778,0.222222222,,,,
1023,0.444444444,0.611111111,0.388888889,,,,
1024,0.277777778,0.611111111,0.444444444,,,,
1025,0.388888889,0.555555556,0.388888889,,,,
1026,0.333333333,0.5,0.444444444,,,,
1027,0.388888889,0.611111111,0.444444444,,,,
1028,0.444444444,0.5,0.444444444,,,,
1029,0.444444444,0.777777778,0.5,,,,
1030,0.5,0.722222222,0.388888889,,,,
1031,0.333333333,0.555555556,0.222222222,,,,
1032,0.222222222,0.388888889,0.222222222,,,,
1033,0.388888889,0.333333333,0.277777778,,,,
1034,0.5,0.555555556,0.277777778,,,,
1035,0.444444444,0.611111111,0.444444444,,,,
1036,0.388888889,0.5,0.388888889,,,,
1037,0.611111111,0.611111111,0.444444444,,,,
1038,0.444444444,0.555555556,0.444444444,,,,
1039,0.444444444,0.555555556,0.444444444,,,,
1040,0.277777778,0.5,0.277777778,,,,
1041,0.277777778,0.388888889,0.277777778,,,,
1042,0.333333333,0.5,0.277777778,,,,
1043,0.333333333,0.444444444,0.388888889,,,,
1044,0.333333333,0.388888889,0.277777778,,,,
1045,0.555555556,0.722222222,0.555555556,,,,
1046,0.5,0.611111111,0.555555556,,,,
1047,0.333333333,0.555555556,0.388888889,,,,
1048,0.222222222,0.222222222,0.222222222,,,,
1049,0.388888889,0.388888889,0.277777778,,,,
1050,0.333333333,0.555555556,0.388888889,,,,
1051,0.333333333,0.5,0.5,,,,
1052,0.222222222,0.277777778,0.222222222,,,,
1053,0.444444444,0.666666667,0.277777778,,,,
1054,0.333333333,0.666666667,0.5,,,,
1055,0.444444444,0.5,0.555555556,,,,
1056,0.555555556,0.777777778,0.611111111,,,,
1057,0.444444444,0.444444444,0.333333333,,,,
1058,0.333333333,0.444444444,0.277777778,,,,
1059,0.166666667,0.555555556,0.277777778,,,,
1060,0.444444444,0.5,0.5,,,,
1061,0.333333333,0.555555556,0.333333333,,,,
1062,0.666666667,0.722222222,0.611111111,,,,
1063,0.5,0.777777778,0.5,,,,
1064,0.388888889,0.555555556,0.388888889,,,,
1065,0.333333333,0.388888889,0.222222222,,,,
1066,0.444444444,0.611111111,0.444444444,,,,
1067,0.388888889,0.555555556,0.388888889,,,,
1068,0.388888889,0.611111111,0.444444444,,,,
1069,0.388888889,0.555555556,0.222222222,,,,
1070,0.333333333,0.611111111,0.388888889,,,,
1071,0.611111111,0.666666667,0.555555556,,,,
1072,0.388888889,0.5,0.277777778,,,,
1073,0.333333333,0.388888889,0.277777778,,,,
1074,0.5,0.611111111,0.555555556,,,,
1075,0.333333333,0.5,0.388888889,,,,
1076,0.277777778,0.388888889,0.277777778,,,,
1077,0.444444444,0.5,0.444444444,,,,
1078,0.277777778,0.5,0.222222222,,,,
1079,0.555555556,0.444444444,0.333333333,,,,
1080,0.277777778,0.277777778,0.277777778,,,,
1081,0.111111111,0.222222222,0.111111111,,,,
1082,0.277777778,0.444444444,0.277777778,,,,
1083,0.277777778,0.555555556,0.333333333,,,,
1084,0.5,0.611111111,0.5,,,,
1085,0.555555556,0.555555556,0.555555556,,,,
1086,0.277777778,0.333333333,0.277777778,,,,
1087,0.388888889,0.555555556,0.388888889,,,,
1088,0.333333333,0.444444444,0.333333333,,,,
1089,0.555555556,0.611111111,0.5,,,,
1090,0.444444444,0.388888889,0.277777778,,,,
1091,0.444444444,0.611111111,0.444444444,,,,
1092,0.333333333,0.5,0.222222222,,,,
1093,0.5,0.666666667,0.444444444,,,,
1094,0.444444444,0.666666667,0.444444444,,,,
1095,0.5,0.722222222,0.5,,,,
1096,0.555555556,0.666666667,0.611111111,,,,
1097,0.166666667,0.555555556,0.166666667,,,,
1098,0.277777778,0.444444444,0.277777778,,,,
1099,0.333333333,0.666666667,0.277777778,,,,
1100,0.444444444,0.611111111,0.333333333,,,,
1101,0.388888889,0.666666667,0.5,,,,
1102,0.333333333,0.611111111,0.555555556,,,,
1103,0.555555556,0.666666667,0.5,,,,
1104,0.333333333,0.722222222,0.444444444,,,,
1105,0.388888889,0.611111111,0.388888889,,,,
1106,0.333333333,0.777777778,0.333333333,,,,
1107,0.444444444,0.5,0.388888889,,,,
1108,0.333333333,0.444444444,0.277777778,,,,
1109,0.611111111,0.722222222,0.611111111,,,,
1110,0.333333333,0.444444444,0.277777778,,,,
1111,0.611111111,0.555555556,0.5,,,,
1112,0.5,0.666666667,0.444444444,,,,
1113,0.277777778,0.444444444,0.166666667,,,,
1114,0.5,0.444444444,0.444444444,,,,
1115,0.388888889,0.388888889,0.388888889,,,,
1116,0.277777778,0.611111111,0.333333333,,,,
1117,0.333333333,0.388888889,0.277777778,,,,
1118,0.333333333,0.444444444,0.277777778,,,,
1119,0.222222222,0.388888889,0.277777778,,,,
1120,0.388888889,0.5,0.388888889,,,,
1121,0.444444444,0.444444444,0.333333333,,,,
1122,0.333333333,0.5,0.333333333,,,,
1123,0.388888889,0.555555556,0.444444444,,,,
1124,0.5,0.555555556,0.5,,,,
1125,0.611111111,0.666666667,0.555555556,,,,
1126,0.388888889,0.555555556,0.333333333,,,,
1127,0.222222222,0.388888889,0.277777778,,,,
1128,0.333333333,0.555555556,0.333333333,,,,
1129,0.333333333,0.444444444,0.277777778,,,,
1130,0.444444444,0.611111111,0.5,,,,
1131,0.444444444,0.555555556,0.388888889,,,,
1132,0.333333333,0.555555556,0.222222222,,,,
1133,0.333333333,0.555555556,0.333333333,,,,
1134,0.333333333,0.5,0.388888889,,,,
1135,0.388888889,0.388888889,0.277777778,,,,
1136,0.388888889,0.444444444,0.444444444,,,,
1137,0.277777778,0.555555556,0.388888889,,,,
1138,0.555555556,0.722222222,0.444444444,,,,
1139,0.333333333,0.555555556,0.388888889,,,,
1140,0.444444444,0.444444444,0.388888889,,,,
1141,0.388888889,0.722222222,0.444444444,,,,
1142,0.111111111,0.388888889,0.222222222,,,,
1143,0.444444444,0.555555556,0.388888889,,,,
1144,0.5,0.611111111,0.388888889,,,,
1145,0.333333333,0.5,0.333333333,,,,
1146,0.444444444,0.388888889,0.388888889,,,,
1147,0.333333333,0.5,0.444444444,,,,
1148,0.277777778,0.555555556,0.277777778,,,,
1149,0.555555556,0.611111111,0.444444444,,,,
1150,0.277777778,0.388888889,0.277777778,,,,
1151,0.388888889,0.555555556,0.388888889,,,,
1152,0.333333333,0.611111111,0.388888889,,,,
1153,0.388888889,0.388888889,0.222222222,,,,
1154,0.444444444,0.666666667,0.444444444,,,,
1155,0.277777778,0.333333333,0.277777778,,,,
1156,0.611111111,0.722222222,0.666666667,,,,
1157,0.277777778,0.611111111,0.277777778,,,,
1158,0.388888889,0.277777778,0.277777778,,,,
1159,0.388888889,0.555555556,0.388888889,,,,
1160,0.444444444,0.611111111,0.555555556,,,,
1161,0.5,0.555555556,0.388888889,,,,
1162,0.444444444,0.555555556,0.444444444,,,,
1163,0.388888889,0.5,0.277777778,,,,
1164,0.333333333,0.388888889,0.333333333,,,,
1165,0.166666667,0.444444444,0.333333333,,,,
1166,0.5,0.666666667,0.611111111,,,,
1167,0.277777778,0.444444444,0.333333333,,,,
1168,0.388888889,0.5,0.333333333,,,,
1169,0.277777778,0.333333333,0.277777778,,,,
1170,0.277777778,0.5,0.333333333,,,,
1171,0.444444444,0.444444444,0.333333333,,,,
1172,0.444444444,0.555555556,0.333333333,,,,
1173,0.444444444,0.611111111,0.444444444,,,,
1174,0.277777778,0.555555556,0.388888889,,,,
1175,0.333333333,0.5,0.388888889,,,,
1176,0.333333333,0.5,0.277777778,,,,
1177,0.277777778,0.444444444,0.333333333,,,,
1178,0.444444444,0.5,0.444444444,,,,
1179,0.5,0.555555556,0.5,,,,
1180,0.555555556,0.666666667,0.5,,,,
1181,0.388888889,0.444444444,0.333333333,,,,
1182,0.555555556,0.611111111,0.444444444,,,,
1183,0.444444444,0.611111111,0.388888889,,,,
1184,0.388888889,0.555555556,0.444444444,,,,
1185,0.222222222,0.444444444,0.277777778,,,,
1186,0.611111111,0.666666667,0.555555556,,,,
1187,0.5,0.5,0.444444444,,,,
1188,0.222222222,0.555555556,0.333333333,,,,
1189,0.5,0.555555556,0.388888889,,,,
1190,0.277777778,0.277777778,0.222222222,,,,
1191,0.333333333,0.555555556,0.277777778,,,,
1192,0.333333333,0.444444444,0.333333333,,,,
1193,0.222222222,0.444444444,0.388888889,,,,
1194,0.388888889,0.444444444,0.333333333,,,,
1195,0.333333333,0.5,0.333333333,,,,
1196,0.388888889,0.555555556,0.5,,,,
1197,0.333333333,0.555555556,0.333333333,,,,
1198,0.333333333,0.5,0.277777778,,,,
1199,0.333333333,0.5,0.388888889,,,,
1200,0.666666667,0.833333333,0.722222222,,,,
1201,0.611111111,0.611111111,0.555555556,,,,
1202,0.555555556,0.555555556,0.555555556,,,,
1203,0.277777778,0.444444444,0.277777778,,,,
1204,0.222222222,0.5,0.277777778,,,,
1205,0.222222222,0.5,0.277777778,,,,
1206,0.444444444,0.5,0.388888889,,,,
1207,0.222222222,0.388888889,0.166666667,,,,
1208,0.5,0.611111111,0.611111111,,,,
1209,0.222222222,0.333333333,0.166666667,,,,
1210,0.444444444,0.388888889,0.333333333,,,,
1211,0.333333333,0.444444444,0.5,,,,
1212,0.222222222,0.333333333,0.222222222,,,,
1213,0.444444444,0.611111111,0.388888889,,,,
1214,0.388888889,0.5,0.444444444,,,,
1215,0.444444444,0.555555556,0.388888889,,,,
1216,0.611111111,0.722222222,0.444444444,,,,
1217,0.388888889,0.444444444,0.388888889,,,,
1218,0.277777778,0.666666667,0.333333333,,,,
1219,0.333333333,0.333333333,0.277777778,,,,
1220,0.277777778,0.333333333,0.277777778,,,,
1221,0.5,0.611111111,0.555555556,,,,
1222,0.388888889,0.555555556,0.333333333,,,,
1223,0.277777778,0.388888889,0.222222222,,,,
1224,0.333333333,0.611111111,0.333333333,,,,
1225,0.5,0.722222222,0.555555556,,,,
1226,0.5,0.444444444,0.5,,,,
1227,0.333333333,0.555555556,0.388888889,,,,
1228,0.277777778,0.388888889,0.277777778,,,,
1229,0.388888889,0.5,0.333333333,,,,
1230,0.333333333,0.333333333,0.333333333,,,,
1231,0.166666667,0.333333333,0.166666667,,,,
1232,0.333333333,0.277777778,0.333333333,,,,
1233,0.444444444,0.555555556,0.444444444,,,,
1234,0.555555556,0.611111111,0.5,,,,
1235,0.611111111,0.555555556,0.333333333,,,,
1236,0.555555556,0.666666667,0.555555556,,,,
1237,0.5,0.555555556,0.5,,,,
1238,0.166666667,0.388888889,0.166666667,,,,
1239,0.444444444,0.388888889,0.277777778,,,,
1240,0.166666667,0.444444444,0.222222222,,,,
1241,0.277777778,0.333333333,0.222222222,,,,
1242,0.555555556,0.722222222,0.611111111,,,,
1243,0.555555556,0.611111111,0.5,,,,
1244,0.5,0.666666667,0.5,,,,
1245,0.5,0.611111111,0.444444444,,,,
1246,0.444444444,0.5,0.5,,,,
1247,0.5,0.5,0.5,,,,
1248,0.388888889,0.555555556,0.444444444,,,,
1249,0.388888889,0.611111111,0.444444444,,,,
1250,0.444444444,0.555555556,0.5,,,,
1251,0.388888889,0.388888889,0.333333333,,,,
1252,0.666666667,0.611111111,0.611111111,,,,
1253,0.5,0.722222222,0.444444444,,,,
1254,0.166666667,0.333333333,0.166666667,,,,
1255,0.222222222,0.444444444,0.222222222,,,,
1256,0.222222222,0.555555556,0.277777778,,,,
1257,0.277777778,0.444444444,0.277777778,,,,
1258,0.333333333,0.611111111,0.388888889,,,,
1259,0.333333333,0.611111111,0.333333333,,,,
1260,0.444444444,0.5,0.444444444,,,,
1261,0.5,0.722222222,0.555555556,,,,
1262,0.388888889,0.444444444,0.388888889,,,,
1263,0.388888889,0.5,0.444444444,,,,
1264,0.444444444,0.666666667,0.5,,,,
1265,0.222222222,0.555555556,0.222222222,,,,
1266,0.388888889,0.555555556,0.333333333,,,,
1267,0.444444444,0.777777778,0.5,,,,
1268,0.333333333,0.388888889,0.222222222,,,,
1269,0.388888889,0.5,0.222222222,,,,
1270,0.444444444,0.388888889,0.388888889,,,,
1271,0.388888889,0.611111111,0.333333333,,,,
1272,0.444444444,0.555555556,0.444444444,,,,
1273,0.388888889,0.611111111,0.388888889,,,,
1274,0.388888889,0.5,0.333333333,,,,
1275,0.444444444,0.388888889,0.333333333,,,,
1276,0.333333333,0.5,0.388888889,,,,
1277,0.166666667,0.388888889,0.277777778,,,,
1278,0.388888889,0.666666667,0.333333333,,,,
1279,0.277777778,0.555555556,0.277777778,,,,
1280,0.333333333,0.388888889,0.277777778,,,,
1281,0.333333333,0.444444444,0.333333333,,,,
1282,0.5,0.666666667,0.611111111,,,,
1283,0.5,0.388888889,0.333333333,,,,
1284,0.333333333,0.388888889,0.277777778,,,,
1285,0.5,0.555555556,0.444444444,,,,
1286,0.388888889,0.611111111,0.555555556,,,,
1287,0.277777778,0.555555556,0.166666667,,,,
1288,0.444444444,0.666666667,0.611111111,,,,
1289,0.388888889,0.555555556,0.5,,,,
1290,0.444444444,0.666666667,0.5,,,,
1291,0.277777778,0.611111111,0.166666667,,,,
1292,0.277777778,0.333333333,0.277777778,,,,
1293,0.333333333,0.444444444,0.388888889,,,,
1294,0.444444444,0.5,0.444444444,,,,
1295,0.388888889,0.555555556,0.555555556,,,,
1296,0.277777778,0.388888889,0.222222222,,,,
1297,0.333333333,0.388888889,0.333333333,,,,
1298,0.388888889,0.388888889,0.388888889,,,,
1299,0.5,0.611111111,0.5,,,,
1300,0.388888889,0.5,0.388888889,,,,
1301,0.611111111,0.666666667,0.611111111,,,,
1302,0.222222222,0.555555556,0.388888889,,,,
1303,0.333333333,0.444444444,0.277777778,,,,
1304,0.5,0.388888889,0.388888889,,,,
1305,0.388888889,0.5,0.444444444,,,,
1306,0.277777778,0.444444444,0.333333333,,,,
1307,0.666666667,0.777777778,0.666666667,,,,
1308,0.277777778,0.388888889,0.277777778,,,,
1309,0.222222222,0.5,0.222222222,,,,
1310,0.277777778,0.333333333,0.166666667,,,,
1311,0.5,0.5,0.444444444,,,,
1312,0.722222222,0.777777778,0.666666667,,,,
1313,0.444444444,0.555555556,0.388888889,,,,
1314,0.444444444,0.5,0.333333333,,,,
1315,0.5,0.611111111,0.388888889,,,,
1316,0.5,0.555555556,0.5,,,,
1317,0.444444444,0.444444444,0.444444444,,,,
1318,0.444444444,0.611111111,0.666666667,,,,
1319,0.277777778,0.666666667,0.333333333,,,,
1320,0.388888889,0.555555556,0.388888889,,,,
1321,0.388888889,0.555555556,0.333333333,,,,
1322,0.333333333,0.666666667,0.5,,,,
1323,0.166666667,0.5,0.277777778,,,,
1324,0.333333333,0.555555556,0.333333333,,,,
1325,0.388888889,0.5,0.277777778,,,,
1326,0.277777778,0.388888889,0.333333333,,,,
1327,0.444444444,0.611111111,0.333333333,,,,
1328,0.555555556,0.555555556,0.5,,,,
1329,0.333333333,0.444444444,0.277777778,,,,
1330,0.388888889,0.444444444,0.277777778,,,,
1331,0.444444444,0.555555556,0.333333333,,,,
1332,0.5,0.5,0.388888889,,,,
1333,0.166666667,0.277777778,0.222222222,,,,
1334,0.277777778,0.388888889,0.222222222,,,,
1335,0.333333333,0.666666667,0.388888889,,,,
1336,0.555555556,0.5,0.5,,,,
1337,0.444444444,0.555555556,0.444444444,,,,
1338,0.5,0.666666667,0.444444444,,,,
1339,0.444444444,0.611111111,0.333333333,,,,
1340,0.333333333,0.444444444,0.333333333,,,,
1341,0.222222222,0.388888889,0.166666667,,,,
1342,0.5,0.611111111,0.388888889,,,,
1343,0.444444444,0.5,0.5,,,,
1344,0.222222222,0.5,0.222222222,,,,
1345,0.388888889,0.444444444,0.333333333,,,,
1346,0.611111111,0.611111111,0.5,,,,
1347,0.388888889,0.388888889,0.333333333,,,,
1348,0.444444444,0.611111111,0.388888889,,,,
1349,0.444444444,0.444444444,0.277777778,,,,
1350,0.333333333,0.611111111,0.5,,,,
1351,0.388888889,0.666666667,0.388888889,,,,
1352,0.333333333,0.388888889,0.277777778,,,,
1353,0.333333333,0.611111111,0.388888889,,,,
1354,0.333333333,0.666666667,0.444444444,,,,
1355,0.166666667,0.444444444,0.166666667,,,,
1356,0.111111111,0.444444444,0.166666667,,,,
1357,0.444444444,0.555555556,0.5,,,,
1358,0.611111111,0.722222222,0.666666667,,,,
1359,0.388888889,0.611111111,0.333333333,,,,
1360,0.333333333,0.444444444,0.333333333,,,,
1361,0.388888889,0.666666667,0.388888889,,,,
1362,0.388888889,0.5,0.388888889,,,,
1363,0.5,0.5,0.444444444,,,,
1364,0.5,0.611111111,0.388888889,,,,
1365,0.5,0.666666667,0.5,,,,
1366,0.333333333,0.388888889,0.277777778,,,,
1367,0.277777778,0.5,0.444444444,,,,
1368,0.388888889,0.555555556,0.333333333,,,,
1369,0.388888889,0.555555556,0.444444444,,,,
1370,0.444444444,0.5,0.444444444,,,,
1371,0.388888889,0.611111111,0.444444444,,,,
1372,0.5,0.5,0.5,,,,
1373,0.444444444,0.611111111,0.388888889,,,,
1374,0.277777778,0.611111111,0.444444444,,,,
1375,0.611111111,0.611111111,0.5,,,,
1376,0.222222222,0.444444444,0.333333333,,,,
1377,0.333333333,0.388888889,0.388888889,,,,
1378,0.222222222,0.444444444,0.277777778,,,,
1379,0.555555556,0.666666667,0.555555556,,,,
1380,0.333333333,0.5,0.277777778,,,,
1381,0.5,0.611111111,0.5,,,,
1382,0.388888889,0.555555556,0.333333333,,,,
1383,0.444444444,0.722222222,0.5,,,,
1384,0.555555556,0.777777778,0.5,,,,
1385,0.333333333,0.555555556,0.277777778,,,,
1386,0.555555556,0.722222222,0.555555556,,,,
1387,0.444444444,0.666666667,0.333333333,,,,
1388,0.388888889,0.611111111,0.333333333,,,,
1389,0.388888889,0.722222222,0.444444444,,,,
1390,0.277777778,0.5,0.444444444,,,,
1391,0.555555556,0.5,0.388888889,,,,
1392,0.388888889,0.444444444,0.388888889,,,,
1393,0.5,0.555555556,0.555555556,,,,
1394,0.222222222,0.333333333,0.277777778,,,,
1395,0.444444444,0.555555556,0.555555556,,,,
1396,0.5,0.5,0.444444444,,,,
1397,0.166666667,0.555555556,0.333333333,,,,
1398,0.5,0.555555556,0.444444444,,,,
1399,0.333333333,0.444444444,0.388888889,,,,
1400,0.444444444,0.611111111,0.444444444,,,,
1401,0.222222222,0.5,0.222222222,,,,
1402,0.333333333,0.555555556,0.388888889,,,,
1403,0.111111111,0.388888889,0.222222222,,,,
1404,0.222222222,0.555555556,0.166666667,,,,
1405,0.555555556,0.611111111,0.5,,,,
1406,0.333333333,0.555555556,0.333333333,,,,
1407,0.611111111,0.777777778,0.666666667,,,,
1408,0.222222222,0.611111111,0.388888889,,,,
1409,0.5,0.5,0.388888889,,,,
1410,0.444444444,0.611111111,0.5,,,,
1411,0.277777778,0.555555556,0.222222222,,,,
1412,0.5,0.722222222,0.555555556,,,,
1413,0.611111111,0.666666667,0.555555556,,,,
1414,0.222222222,0.5,0.277777778,,,,
1415,0.555555556,0.666666667,0.444444444,,,,
1416,0.611111111,0.666666667,0.611111111,,,,
1417,0.444444444,0.5,0.444444444,,,,
1418,0.277777778,0.333333333,0.277777778,,,,
1419,0.5,0.555555556,0.555555556,,,,
1420,0.5,0.722222222,0.611111111,,,,
1421,0.555555556,0.611111111,0.555555556,,,,
1422,0.388888889,0.666666667,0.444444444,,,,
1423,0.333333333,0.388888889,0.277777778,,,,
1424,0.388888889,0.722222222,0.444444444,,,,
1425,0.388888889,0.388888889,0.333333333,,,,
1426,0.388888889,0.555555556,0.388888889,,,,
1427,0.555555556,0.611111111,0.555555556,,,,
1428,0.388888889,0.5,0.444444444,,,,
1429,0.5,0.555555556,0.333333333,,,,
1430,0.5,0.5,0.388888889,,,,
1431,0.222222222,0.444444444,0.111111111,,,,
1432,0.444444444,0.555555556,0.333333333,,,,
1433,0.388888889,0.5,0.444444444,,,,
1434,0.277777778,0.5,0.333333333,,,,
1435,0.388888889,0.444444444,0.388888889,,,,
1436,0.333333333,0.555555556,0.388888889,,,,
1437,0.611111111,0.666666667,0.611111111,,,,
1438,0.222222222,0.444444444,0.222222222,,,,
1439,0.222222222,0.388888889,0.166666667,,,,
1440,0.5,0.5,0.388888889,,,,
1441,0.444444444,0.444444444,0.333333333,,,,
1442,0.222222222,0.388888889,0.111111111,,,,
1443,0.333333333,0.722222222,0.333333333,,,,
1444,0.333333333,0.444444444,0.277777778,,,,
1445,0.555555556,0.611111111,0.555555556,,,,
1446,0.388888889,0.444444444,0.333333333,,,,
1447,0.333333333,0.555555556,0.388888889,,,,
1448,0.277777778,0.333333333,0.333333333,,,,
1449,0.555555556,0.722222222,0.555555556,,,,
1450,0.333333333,0.555555556,0.444444444,,,,
1451,0.333333333,0.388888889,0.388888889,,,,
1452,0.5,0.555555556,0.444444444,,,,
1453,0.611111111,0.555555556,0.611111111,,,,
1454,0.222222222,0.5,0.277777778,,,,
1455,0.444444444,0.666666667,0.5,,,,
1456,0.555555556,0.555555556,0.388888889,,,,
1457,0.555555556,0.5,0.555555556,,,,
1458,0.444444444,0.444444444,0.333333333,,,,
1459,0.277777778,0.666666667,0.333333333,,,,
1460,0.5,0.611111111,0.388888889,,,,
1461,0.388888889,0.444444444,0.388888889,,,,
1462,0.333333333,0.444444444,0.388888889,,,,
1463,0.444444444,0.444444444,0.444444444,,,,
1464,0.277777778,0.555555556,0.333333333,,,,
1465,0.277777778,0.444444444,0.277777778,,,,
1466,0.277777778,0.5,0.222222222,,,,
1467,0.5,0.555555556,0.444444444,,,,
1468,0.5,0.555555556,0.444444444,,,,
1469,0.388888889,0.388888889,0.333333333,,,,
1470,0.277777778,0.444444444,0.333333333,,,,
1471,0.222222222,0.444444444,0.277777778,,,,
1472,0.166666667,0.555555556,0.166666667,,,,
1473,0.388888889,0.388888889,0.333333333,,,,
1474,0.444444444,0.555555556,0.555555556,,,,
1475,0.222222222,0.555555556,0.277777778,,,,
1476,0.611111111,0.611111111,0.611111111,,,,
1477,0.444444444,0.611111111,0.5,,,,
1478,0.388888889,0.555555556,0.444444444,,,,
1479,0.277777778,0.611111111,0.222222222,,,,
1480,0.388888889,0.444444444,0.333333333,,,,
1481,0.5,0.666666667,0.555555556,,,,
1482,0.277777778,0.555555556,0.388888889,,,,
1483,0.388888889,0.5,0.444444444,,,,
1484,0.277777778,0.555555556,0.277777778,,,,
1485,0.5,0.611111111,0.388888889,,,,
1486,0.5,0.555555556,0.5,,,,
1487,0.388888889,0.722222222,0.5,,,,
1488,0.388888889,0.444444444,0.277777778,,,,
1489,0.444444444,0.611111111,0.5,,,,
1490,0.277777778,0.333333333,0.333333333,,,,
1491,0.277777778,0.444444444,0.222222222,,,,
1492,0.166666667,0.333333333,0.111111111,,,,
1493,0.444444444,0.5,0.388888889,,,,
1494,0.388888889,0.555555556,0.333333333,,,,
1495,0.333333333,0.611111111,0.388888889,,,,
1496,0.277777778,0.444444444,0.277777778,,,,
1497,0.277777778,0.555555556,0.5,,,,
1498,0.388888889,0.666666667,0.277777778,,,,
1499,0.277777778,0.444444444,0.277777778,,,,
1500,0.444444444,0.555555556,0.5,,,,
1501,0.388888889,0.444444444,0.333333333,,,,
1502,0.555555556,0.722222222,0.555555556,,,,
1503,0.555555556,0.611111111,0.444444444,,,,
1504,0.444444444,0.666666667,0.333333333,,,,
1505,0.444444444,0.444444444,0.444444444,,,,
1506,0.222222222,0.277777778,0.166666667,,,,
1507,0.333333333,0.555555556,0.333333333,,,,
1508,0.444444444,0.555555556,0.388888889,,,,
1509,0.444444444,0.611111111,0.333333333,,,,
1510,0.5,0.555555556,0.5,,,,
1511,0.444444444,0.611111111,0.444444444,,,,
1512,0.294117647,0.411764706,0.294117647,,,,
1513,0.176470588,0.470588235,0.294117647,,,,
1514,0.176470588,0.352941176,0.176470588,,,,
1515,0.352941176,0.470588235,0.352941176,,,,
1516,0.470588235,0.529411765,0.352941176,,,,
1517,0.176470588,0.588235294,0.294117647,,,,
1518,0.352941176,0.588235294,0.470588235,,,,
1519,0.235294118,0.470588235,0.235294118,,,,
1520,0.411764706,0.470588235,0.352941176,,,,
1521,0.058823529,0.352941176,0.117647059,,,,
1522,0.352941176,0.588235294,0.470588235,,,,
1523,0.705882353,0.705882353,0.529411765,,,,
1524,0.294117647,0.470588235,0.235294118,,,,
1525,0.411764706,0.588235294,0.352941176,,,,
1526,0.235294118,0.470588235,0.294117647,,,,
1527,0.352941176,0.529411765,0.411764706,,,,
1528,0.470588235,0.470588235,0.235294118,,,,
1529,0.470588235,0.411764706,0.411764706,,,,
1530,0.470588235,0.647058824,0.529411765,,,,
1531,0.470588235,0.588235294,0.529411765,,,,
1532,0.352941176,0.588235294,0.411764706,,,,
1533,0.529411765,0.647058824,0.529411765,,,,
1534,0.411764706,0.529411765,0.411764706,,,,
1535,0.294117647,0.470588235,0.352941176,,,,
1536,0.294117647,0.352941176,0.294117647,,,,
1537,0.470588235,0.705882353,0.411764706,,,,
1538,0.235294118,0.352941176,0.294117647,,,,
1539,0.470588235,0.470588235,0.352941176,,,,
1540,0.470588235,0.470588235,0.411764706,,,,
1541,0.411764706,0.470588235,0.411764706,,,,
1542,0.411764706,0.647058824,0.470588235,,,,
1543,0.470588235,0.588235294,0.411764706,,,,
1544,0.294117647,0.529411765,0.470588235,,,,
1545,0.235294118,0.352941176,0.294117647,,,,
1546,0.235294118,0.470588235,0.235294118,,,,
1547,0.411764706,0.647058824,0.411764706,,,,
1548,0.235294118,0.294117647,0.235294118,,,,
1549,0.294117647,0.470588235,0.352941176,,,,
1550,0.647058824,0.647058824,0.647058824,,,,
1551,0.294117647,0.470588235,0.294117647,,,,
1552,0.235294118,0.470588235,0.117647059,,,,
1553,0.470588235,0.647058824,0.529411765,,,,
1554,0.470588235,0.647058824,0.470588235,,,,
1555,0.352941176,0.411764706,0.352941176,,,,
1556,0.470588235,0.823529412,0.352941176,,,,
1557,0.294117647,0.470588235,0.352941176,,,,
1558,0.529411765,0.647058824,0.470588235,,,,
1559,0.294117647,0.470588235,0.294117647,,,,
1560,0.352941176,0.529411765,0.411764706,,,,
1561,0.470588235,0.470588235,0.411764706,,,,
1562,0.411764706,0.588235294,0.411764706,,,,
1563,0.470588235,0.705882353,0.352941176,,,,
1564,0.294117647,0.411764706,0.235294118,,,,
1565,0.470588235,0.705882353,0.470588235,,,,
1566,0.352941176,0.529411765,0.352941176,,,,
1567,0.294117647,0.411764706,0.294117647,,,,
1568,0.294117647,0.529411765,0.294117647,,,,
1569,0.352941176,0.470588235,0.235294118,,,,
1570,0.058823529,0.235294118,0.117647059,,,,
1571,0.411764706,0.647058824,0.470588235,,,,
1572,0.470588235,0.588235294,0.411764706,,,,
1573,0.588235294,0.529411765,0.352941176,,,,
1574,0.235294118,0.470588235,0.176470588,,,,
1575,0.411764706,0.647058824,0.411764706,,,,
1576,0.588235294,0.764705882,0.588235294,,,,
1577,0.176470588,0.352941176,0.176470588,,,,
1578,0.470588235,0.529411765,0.352941176,,,,
1579,0.470588235,0.470588235,0.470588235,,,,
1580,0.294117647,0.647058824,0.470588235,,,,
1581,0.352941176,0.647058824,0.411764706,,,,
1582,0.235294118,0.294117647,0.235294118,,,,
1583,0.411764706,0.470588235,0.294117647,,,,
1584,0.647058824,0.764705882,0.529411765,,,,
1585,0.588235294,0.647058824,0.588235294,,,,
1586,0.235294118,0.529411765,0.294117647,,,,
1587,0.411764706,0.705882353,0.411764706,,,,
1588,0.294117647,0.352941176,0.235294118,,,,
1589,0.411764706,0.588235294,0.411764706,,,,
1590,0.411764706,0.705882353,0.411764706,,,,
1591,0.294117647,0.294117647,0.235294118,,,,
1592,0.411764706,0.529411765,0.470588235,,,,
1593,0.352941176,0.235294118,0.176470588,,,,
1594,0.352941176,0.470588235,0.411764706,,,,
1595,0.235294118,0.647058824,0.352941176,,,,
1596,0.588235294,0.529411765,0.470588235,,,,
1597,0.235294118,0.352941176,0.294117647,,,,
1598,0.294117647,0.411764706,0.294117647,,,,
1599,0.176470588,0.294117647,0.235294118,,,,
1600,0.352941176,0.411764706,0.294117647,,,,
1601,0.411764706,0.470588235,0.352941176,,,,
1602,0.588235294,0.647058824,0.588235294,,,,
1603,0.529411765,0.705882353,0.470588235,,,,
1604,0.235294118,0.529411765,0.235294118,,,,
1605,0.470588235,0.588235294,0.470588235,,,,
1606,0.411764706,0.588235294,0.411764706,,,,
1607,0.411764706,0.411764706,0.294117647,,,,
1608,0.352941176,0.411764706,0.352941176,,,,
1609,0.529411765,0.529411765,0.352941176,,,,
1610,0.470588235,0.647058824,0.529411765,,,,
1611,0.411764706,0.647058824,0.470588235,,,,
1612,0.470588235,0.529411765,0.352941176,,,,
1613,0.294117647,0.588235294,0.176470588,,,,
1614,0.529411765,0.588235294,0.470588235,,,,
1615,0.529411765,0.705882353,0.529411765,,,,
1616,0.411764706,0.529411765,0.411764706,,,,
1617,0.470588235,0.647058824,0.411764706,,,,
1618,0.470588235,0.764705882,0.529411765,,,,
1619,0.411764706,0.529411765,0.470588235,,,,
1620,0.411764706,0.352941176,0.411764706,,,,
1621,0.470588235,0.588235294,0.470588235,,,,
1622,0.411764706,0.470588235,0.411764706,,,,
1623,0.411764706,0.411764706,0.352941176,,,,
1624,0.470588235,0.588235294,0.411764706,,,,
1625,0.470588235,0.647058824,0.529411765,,,,
1626,0.411764706,0.529411765,0.352941176,,,,
1627,0.352941176,0.352941176,0.411764706,,,,
1628,0.352941176,0.470588235,0.294117647,,,,
1629,0.352941176,0.411764706,0.352941176,,,,
1630,0.235294118,0.294117647,0.294117647,,,,
1631,0.294117647,0.411764706,0.294117647,,,,
1632,0.470588235,0.647058824,0.470588235,,,,
1633,0.294117647,0.470588235,0.294117647,,,,
1634,0.176470588,0.411764706,0.176470588,,,,
1635,0.529411765,0.705882353,0.588235294,,,,
1636,0.352941176,0.411764706,0.294117647,,,,
1637,0.352941176,0.529411765,0.411764706,,,,
1638,0.352941176,0.529411765,0.411764706,,,,
1639,0.411764706,0.529411765,0.352941176,,,,
1640,0.176470588,0.352941176,0.176470588,,,,
1641,0.294117647,0.647058824,0.411764706,,,,
1642,0.235294118,0.529411765,0.294117647,,,,
1643,0.470588235,0.588235294,0.470588235,,,,
1644,0.470588235,0.529411765,0.529411765,,,,
1645,0.470588235,0.529411765,0.352941176,,,,
1646,0.411764706,0.529411765,0.411764706,,,,
1647,0.588235294,0.705882353,0.588235294,,,,
1648,0.235294118,0.588235294,0.470588235,,,,
1649,0.411764706,0.588235294,0.352941176,,,,
1650,0.647058824,0.823529412,0.705882353,,,,
1651,0.235294118,0.411764706,0.235294118,,,,
1652,0.117647059,0.352941176,0.235294118,,,,
1653,0.235294118,0.470588235,0.352941176,,,,
1654,0.588235294,0.705882353,0.647058824,,,,
1655,0.294117647,0.529411765,0.294117647,,,,
1656,0.352941176,0.470588235,0.411764706,,,,
1657,0.352941176,0.470588235,0.352941176,,,,
1658,0.235294118,0.411764706,0.352941176,,,,
1659,0.529411765,0.588235294,0.529411765,,,,
1660,0.529411765,0.529411765,0.411764706,,,,
1661,0.352941176,0.294117647,0.352941176,,,,
1662,0.470588235,0.470588235,0.470588235,,,,
1663,0.235294118,0.411764706,0.235294118,,,,
1664,0.352941176,0.470588235,0.352941176,,,,
1665,0.470588235,0.588235294,0.529411765,,,,
1666,0.235294118,0.352941176,0.176470588,,,,
1667,0.411764706,0.411764706,0.352941176,,,,
1668,0.470588235,0.588235294,0.470588235,,,,
1669,0.470588235,0.588235294,0.352941176,,,,
1670,0.176470588,0.352941176,0.176470588,,,,
1671,0.235294118,0.411764706,0.235294118,,,,
1672,0.235294118,0.294117647,0.235294118,,,,
1673,0.294117647,0.294117647,0.235294118,,,,
1674,0.294117647,0.411764706,0.294117647,,,,
1675,0.411764706,0.705882353,0.352941176,,,,
1676,0.529411765,0.470588235,0.470588235,,,,
1677,0.235294118,0.352941176,0.235294118,,,,
1678,0.352941176,0.411764706,0.352941176,,,,
1679,0.470588235,0.647058824,0.411764706,,,,
1680,0.647058824,0.588235294,0.470588235,,,,
1681,0.411764706,0.588235294,0.352941176,,,,
1682,0.294117647,0.352941176,0.411764706,,,,
1683,0.294117647,0.588235294,0.411764706,,,,
1684,0.235294118,0.470588235,0.235294118,,,,
1685,0.235294118,0.294117647,0.235294118,,,,
1686,0.411764706,0.529411765,0.411764706,,,,
1687,0.294117647,0.470588235,0.235294118,,,,
1688,0.176470588,0.529411765,0.176470588,,,,
1689,0.294117647,0.529411765,0.294117647,,,,
1690,0.352941176,0.411764706,0.294117647,,,,
1691,0.411764706,0.588235294,0.529411765,,,,
1692,0.411764706,0.529411765,0.470588235,,,,
1693,0.470588235,0.588235294,0.470588235,,,,
1694,0.411764706,0.529411765,0.529411765,,,,
1695,0.470588235,0.647058824,0.470588235,,,,
1696,0.470588235,0.705882353,0.470588235,,,,
1697,0.294117647,0.352941176,0.294117647,,,,
1698,0.352941176,0.470588235,0.411764706,,,,
1699,0.411764706,0.529411765,0.411764706,,,,
1700,0.352941176,0.411764706,0.411764706,,,,
1701,0.411764706,0.411764706,0.294117647,,,,
1702,0.176470588,0.470588235,0.235294118,,,,
1703,0.529411765,0.647058824,0.411764706,,,,
1704,0.470588235,0.588235294,0.529411765,,,,
1705,0.470588235,0.529411765,0.470588235,,,,
1706,0.117647059,0.411764706,0.294117647,,,,
1707,0.294117647,0.705882353,0.470588235,,,,
1708,0.294117647,0.411764706,0.235294118,,,,
1709,0.235294118,0.352941176,0.176470588,,,,
1710,0.352941176,0.470588235,0.235294118,,,,
1711,0.529411765,0.647058824,0.588235294,,,,
1712,0.411764706,0.470588235,0.411764706,,,,
1713,0.235294118,0.470588235,0.294117647,,,,
1714,0.235294118,0.588235294,0.352941176,,,,
1715,0.588235294,0.705882353,0.529411765,,,,
1716,0.411764706,0.588235294,0.352941176,,,,
1717,0.176470588,0.352941176,0.235294118,,,,
1718,0.235294118,0.470588235,0.117647059,,,,
1719,0.352941176,0.294117647,0.235294118,,,,
1720,0.352941176,0.529411765,0.294117647,,,,
1721,0.352941176,0.529411765,0.411764706,,,,
1722,0.294117647,0.529411765,0.411764706,,,,
1723,0.352941176,0.470588235,0.294117647,,,,
1724,0.352941176,0.411764706,0.352941176,,,,
1725,0.647058824,0.705882353,0.588235294,,,,
1726,0.352941176,0.588235294,0.411764706,,,,
1727,0.529411765,0.647058824,0.470588235,,,,
1728,0.411764706,0.705882353,0.411764706,,,,
1729,0.352941176,0.529411765,0.411764706,,,,
1730,0.352941176,0.588235294,0.235294118,,,,
1731,0.411764706,0.588235294,0.470588235,,,,
1732,0.235294118,0.529411765,0.294117647,,,,
1733,0.705882353,0.705882353,0.647058824,,,,
1734,0.529411765,0.647058824,0.529411765,,,,
1735,0.352941176,0.529411765,0.470588235,,,,
1736,0.529411765,0.705882353,0.529411765,,,,
1737,0.176470588,0.176470588,0.117647059,,,,
1738,0.294117647,0.470588235,0.411764706,,,,
1739,0.529411765,0.588235294,0.647058824,,,,
1740,0.470588235,0.764705882,0.588235294,,,,
1741,0.294117647,0.588235294,0.529411765,,,,
1742,0.294117647,0.470588235,0.294117647,,,,
1743,0.588235294,0.705882353,0.470588235,,,,
1744,0.470588235,0.588235294,0.588235294,,,,
1745,0.294117647,0.411764706,0.294117647,,,,
1746,0.294117647,0.529411765,0.352941176,,,,
1747,0.588235294,0.647058824,0.588235294,,,,
1748,0.529411765,0.647058824,0.470588235,,,,
1749,0.411764706,0.588235294,0.352941176,,,,
1750,0.411764706,0.588235294,0.294117647,,,,
1751,0.294117647,0.529411765,0.235294118,,,,
1752,0.411764706,0.588235294,0.470588235,,,,
1753,0.529411765,0.529411765,0.470588235,,,,
1754,0.411764706,0.529411765,0.411764706,,,,
1755,0.411764706,0.411764706,0.470588235,,,,
1756,0.470588235,0.529411765,0.470588235,,,,
1757,0.117647059,0.352941176,0.117647059,,,,
1758,0.352941176,0.647058824,0.411764706,,,,
1759,0.705882353,0.764705882,0.529411765,,,,
1760,0.352941176,0.529411765,0.352941176,,,,
1761,0.352941176,0.470588235,0.352941176,,,,
1762,0.352941176,0.588235294,0.411764706,,,,
1763,0.352941176,0.529411765,0.529411765,,,,
1764,0.294117647,0.647058824,0.411764706,,,,
1765,0.294117647,0.352941176,0.352941176,,,,
1766,0.823529412,0.705882353,0.588235294,,,,
1767,0.411764706,0.529411765,0.470588235,,,,
1768,0.235294118,0.470588235,0.235294118,,,,
1769,0.470588235,0.411764706,0.470588235,,,,
1770,0.117647059,0.352941176,0.176470588,,,,
1771,0.235294118,0.235294118,0.235294118,,,,
1772,0.705882353,0.647058824,0.647058824,,,,
1773,0.176470588,0.352941176,0.176470588,,,,
1774,0.470588235,0.588235294,0.529411765,,,,
1775,0.058823529,0.176470588,0.058823529,,,,
1776,0.411764706,0.470588235,0.294117647,,,,
1777,0.352941176,0.529411765,0.294117647,,,,
1778,0.352941176,0.529411765,0.352941176,,,,
1779,0.647058824,0.647058824,0.588235294,,,,
1780,0.294117647,0.470588235,0.411764706,,,,
1781,0.352941176,0.352941176,0.352941176,,,,
1782,0.352941176,0.764705882,0.411764706,,,,
1783,0.411764706,0.588235294,0.411764706,,,,
1784,0.411764706,0.411764706,0.352941176,,,,
1785,0.235294118,0.235294118,0.176470588,,,,
1786,0.411764706,0.588235294,0.235294118,,,,
1787,0.352941176,0.529411765,0.411764706,,,,
1788,0.411764706,0.647058824,0.352941176,,,,
1789,0.588235294,0.647058824,0.529411765,,,,
1790,0.411764706,0.647058824,0.411764706,,,,
1791,0.352941176,0.529411765,0.235294118,,,,
1792,0.705882353,0.823529412,0.705882353,,,,
1793,0.294117647,0.411764706,0.294117647,,,,
1794,0.352941176,0.529411765,0.411764706,,,,
1795,0.529411765,0.588235294,0.470588235,,,,
1796,0.176470588,0.470588235,0.117647059,,,,
1797,0.294117647,0.411764706,0.294117647,,,,
1798,0.352941176,0.529411765,0.294117647,,,,
1799,0.411764706,0.470588235,0.470588235,,,,
1800,0.529411765,0.588235294,0.529411765,,,,
1801,0.294117647,0.235294118,0.294117647,,,,
1802,0.588235294,0.647058824,0.588235294,,,,
1803,0.235294118,0.352941176,0.235294118,,,,
1804,0.235294118,0.470588235,0.294117647,,,,
1805,0.352941176,0.647058824,0.411764706,,,,
1806,0.588235294,0.647058824,0.705882353,,,,
1807,0.294117647,0.411764706,0.294117647,,,,
1808,0.294117647,0.411764706,0.294117647,,,,
1809,0.705882353,0.705882353,0.647058824,,,,
1810,0.294117647,0.352941176,0.294117647,,,,
1811,0.411764706,0.647058824,0.352941176,,,,
1812,0.176470588,0.470588235,0.176470588,,,,
1813,0.235294118,0.352941176,0.294117647,,,,
1814,0.352941176,0.529411765,0.352941176,,,,
1815,0.411764706,0.529411765,0.470588235,,,,
1816,0.352941176,0.352941176,0.352941176,,,,
1817,0.588235294,0.764705882,0.647058824,,,,
1818,0.411764706,0.588235294,0.411764706,,,,
1819,0.294117647,0.529411765,0.235294118,,,,
1820,0.470588235,0.705882353,0.411764706,,,,
1821,0.294117647,0.411764706,0.352941176,,,,
1822,0.352941176,0.705882353,0.352941176,,,,
1823,0.529411765,0.529411765,0.352941176,,,,
1824,0.411764706,0.588235294,0.470588235,,,,
1825,0.411764706,0.529411765,0.411764706,,,,
1826,0.529411765,0.647058824,0.529411765,,,,
1827,0.176470588,0.470588235,0.352941176,,,,
1828,0.235294118,0.470588235,0.294117647,,,,
1829,0.294117647,0.411764706,0.411764706,,,,
1830,0.411764706,0.470588235,0.470588235,,,,
1831,0.352941176,0.647058824,0.411764706,,,,
1832,0.588235294,0.764705882,0.764705882,,,,
1833,0.352941176,0.647058824,0.352941176,,,,
1834,0.470588235,0.588235294,0.470588235,,,,
1835,0.235294118,0.529411765,0.176470588,,,,
1836,0.352941176,0.470588235,0.294117647,,,,
1837,0.470588235,0.647058824,0.470588235,,,,
1838,0.411764706,0.764705882,0.529411765,,,,
1839,0.352941176,0.352941176,0.294117647,,,,
1840,0.411764706,0.470588235,0.294117647,,,,
1841,0.411764706,0.470588235,0.352941176,,,,
1842,0.235294118,0.352941176,0.235294118,,,,
1843,0.294117647,0.411764706,0.352941176,,,,
1844,0.470588235,0.588235294,0.470588235,,,,
1845,0.176470588,0.294117647,0.235294118,,,,
1846,0.235294118,0.411764706,0.235294118,,,,
1847,0.529411765,0.647058824,0.470588235,,,,
1848,0.411764706,0.529411765,0.529411765,,,,
1849,0.588235294,0.647058824,0.470588235,,,,
1850,0.058823529,0.470588235,0.411764706,,,,
1851,0.352941176,0.470588235,0.352941176,,,,
1852,0.411764706,0.470588235,0.294117647,,,,
1853,0.647058824,0.647058824,0.647058824,,,,
1854,0.470588235,0.529411765,0.470588235,,,,
1855,0.411764706,0.470588235,0.470588235,,,,
1856,0.411764706,0.529411765,0.294117647,,,,
1857,0.294117647,0.411764706,0.352941176,,,,
1858,0.352941176,0.294117647,0.235294118,,,,
1859,0.176470588,0.352941176,0.176470588,,,,
1860,0.470588235,0.529411765,0.470588235,,,,
1861,0.470588235,0.352941176,0.294117647,,,,
1862,0.352941176,0.529411765,0.294117647,,,,
1863,0.235294118,0.470588235,0.411764706,,,,
1864,0.411764706,0.588235294,0.411764706,,,,
1865,0.294117647,0.352941176,0.294117647,,,,
1866,0.352941176,0.529411765,0.294117647,,,,
1867,0.470588235,0.588235294,0.411764706,,,,
1868,0.294117647,0.529411765,0.294117647,,,,
1869,0.529411765,0.647058824,0.470588235,,,,
1870,0.411764706,0.411764706,0.352941176,,,,
1871,0.294117647,0.588235294,0.294117647,,,,
1872,0.411764706,0.705882353,0.352941176,,,,
1873,0.411764706,0.588235294,0.411764706,,,,
1874,0.294117647,0.588235294,0.352941176,,,,
1875,0.294117647,0.647058824,0.411764706,,,,
1876,0.352941176,0.352941176,0.176470588,,,,
1877,0.058823529,0.352941176,0.176470588,,,,
1878,0.176470588,0.411764706,0.294117647,,,,
1879,0.352941176,0.529411765,0.294117647,,,,
1880,0.235294118,0.352941176,0.235294118,,,,
1881,0.470588235,0.764705882,0.588235294,,,,
1882,0.294117647,0.470588235,0.176470588,,,,
1883,0.470588235,0.529411765,0.411764706,,,,
1884,0.352941176,0.588235294,0.235294118,,,,
1885,0.352941176,0.470588235,0.352941176,,,,
1886,0.470588235,0.764705882,0.529411765,,,,
1887,0.294117647,0.529411765,0.352941176,,,,
1888,0.176470588,0.352941176,0.176470588,,,,
1889,0.470588235,0.470588235,0.470588235,,,,
1890,0.470588235,0.647058824,0.411764706,,,,
1891,0.235294118,0.588235294,0.352941176,,,,
1892,0.647058824,0.705882353,0.647058824,,,,
1893,0.470588235,0.529411765,0.352941176,,,,
1894,0.352941176,0.411764706,0.294117647,,,,
1895,0.235294118,0.294117647,0.176470588,,,,
1896,0.352941176,0.647058824,0.470588235,,,,
1897,0.235294118,0.411764706,0.294117647,,,,
1898,0.411764706,0.352941176,0.352941176,,,,
1899,0.470588235,0.529411765,0.352941176,,,,
1900,0.294117647,0.352941176,0.235294118,,,,
1901,0.176470588,0.294117647,0.176470588,,,,
1902,0.294117647,0.470588235,0.294117647,,,,
1903,0.294117647,0.411764706,0.294117647,,,,
1904,0.411764706,0.529411765,0.235294118,,,,
1905,0.352941176,0.411764706,0.352941176,,,,
1906,0.470588235,0.411764706,0.352941176,,,,
1907,0.470588235,0.529411765,0.470588235,,,,
1908,0.117647059,0.411764706,0.294117647,,,,
1909,0.352941176,0.411764706,0.294117647,,,,
1910,0.411764706,0.529411765,0.411764706,,,,
1911,0.235294118,0.411764706,0.294117647,,,,
1912,0.470588235,0.529411765,0.294117647,,,,
1913,0.470588235,0.411764706,0.235294118,,,,
1914,0.352941176,0.352941176,0.352941176,,,,
1915,0.235294118,0.294117647,0.294117647,,,,
1916,0.411764706,0.470588235,0.352941176,,,,
1917,0.294117647,0.588235294,0.294117647,,,,
1918,0.352941176,0.470588235,0.352941176,,,,
1919,0.352941176,0.470588235,0.352941176,,,,
1920,0.176470588,0.470588235,0.176470588,,,,
1921,0.647058824,0.647058824,0.529411765,,,,
1922,0.588235294,0.764705882,0.647058824,,,,
1923,0.176470588,0.588235294,0.294117647,,,,
1924,0.235294118,0.411764706,0.352941176,,,,
1925,0.470588235,0.588235294,0.529411765,,,,
1926,0.411764706,0.529411765,0.470588235,,,,
1927,0.294117647,0.411764706,0.352941176,,,,
1928,0.470588235,0.529411765,0.411764706,,,,
1929,0.235294118,0.529411765,0.176470588,,,,
1930,0.235294118,0.411764706,0.176470588,,,,
1931,0.294117647,0.352941176,0.294117647,,,,
1932,0.411764706,0.470588235,0.411764706,,,,
1933,0.235294118,0.529411765,0.235294118,,,,
1934,0.411764706,0.529411765,0.411764706,,,,
1935,0.411764706,0.411764706,0.352941176,,,,
1936,0.294117647,0.470588235,0.352941176,,,,
1937,0.411764706,0.352941176,0.352941176,,,,
1938,0.647058824,0.764705882,0.647058824,,,,
1939,0.352941176,0.352941176,0.294117647,,,,
1940,0.294117647,0.470588235,0.352941176,,,,
1941,0.352941176,0.647058824,0.411764706,,,,
1942,0.294117647,0.529411765,0.294117647,,,,
1943,0.294117647,0.705882353,0.470588235,,,,
1944,0.470588235,0.588235294,0.411764706,,,,
1945,0.470588235,0.529411765,0.529411765,,,,
1946,0.352941176,0.647058824,0.352941176,,,,
1947,0.470588235,0.647058824,0.411764706,,,,
1948,0.470588235,0.529411765,0.470588235,,,,
1949,0.588235294,0.647058824,0.411764706,,,,
1950,0.411764706,0.529411765,0.352941176,,,,
1951,0.352941176,0.411764706,0.294117647,,,,
1952,0.352941176,0.470588235,0.470588235,,,,
1953,0.470588235,0.588235294,0.470588235,,,,
1954,0.294117647,0.411764706,0.294117647,,,,
1955,0.588235294,0.588235294,0.470588235,,,,
1956,0.529411765,0.411764706,0.470588235,,,,
1957,0.529411765,0.588235294,0.411764706,,,,
1958,0.647058824,0.705882353,0.470588235,,,,
1959,0.470588235,0.529411765,0.470588235,,,,
1960,0.647058824,0.705882353,0.588235294,,,,
1961,0.411764706,0.352941176,0.294117647,,,,
1962,0.235294118,0.470588235,0.176470588,,,,
1963,0.470588235,0.529411765,0.411764706,,,,
1964,0.294117647,0.588235294,0.294117647,,,,
1965,0.352941176,0.588235294,0.294117647,,,,
1966,0.235294118,0.588235294,0.294117647,,,,
1967,0.411764706,0.588235294,0.529411765,,,,
1968,0.529411765,0.588235294,0.470588235,,,,
1969,0.705882353,0.764705882,0.705882353,,,,
1970,0.235294118,0.411764706,0.176470588,,,,
1971,0.529411765,0.529411765,0.352941176,,,,
1972,0.235294118,0.294117647,0.176470588,,,,
1973,0.470588235,0.529411765,0.470588235,,,,
1974,0.411764706,0.588235294,0.470588235,,,,
1975,0.411764706,0.529411765,0.352941176,,,,
1976,0.529411765,0.647058824,0.529411765,,,,
1977,0.352941176,0.411764706,0.294117647,,,,
1978,0.235294118,0.470588235,0.294117647,,,,
1979,0.352941176,0.411764706,0.352941176,,,,
1980,0.235294118,0.352941176,0.235294118,,,,
1981,0.352941176,0.529411765,0.352941176,,,,
1982,0.352941176,0.705882353,0.352941176,,,,
1983,0.470588235,0.647058824,0.470588235,,,,
1984,0.411764706,0.470588235,0.411764706,,,,
1985,0.470588235,0.588235294,0.411764706,,,,
1986,0.294117647,0.411764706,0.294117647,,,,
1987,0.352941176,0.529411765,0.352941176,,,,
1988,0.411764706,0.411764706,0.411764706,,,,
1989,0.529411765,0.705882353,0.411764706,,,,
1990,0.529411765,0.705882353,0.529411765,,,,
1991,0.470588235,0.705882353,0.529411765,,,,
1992,0.294117647,0.588235294,0.294117647,,,,
1993,0.411764706,0.529411765,0.411764706,,,,
1994,0.352941176,0.588235294,0.529411765,,,,
1995,0.470588235,0.588235294,0.470588235,,,,
1996,0.411764706,0.705882353,0.529411765,,,,
1997,0.588235294,0.764705882,0.529411765,,,,
1998,0.294117647,0.352941176,0.294117647,,,,
1999,0.411764706,0.470588235,0.058823529,,,,
